smiles,label
CN[C@@H](C)C(=O)N[C@H](C(=O)N[C@H]1CCCN([C@@H]2CCCc3ccccc32)C1)C1CCCCC1,93.24
N#Cc1ccc(Cl)cc1S[C@H](CCN)c1ccccc1,41.45
O=C(CC1CCN(Cc2ccn(-c3ccc(C(F)(F)F)cc3)c2)CC1)NC(c1ccc(F)cc1)c1cccnc1,96.87
COc1cc(C(C)C)c(Oc2cnc(N)nc2N)cc1I,95.33
Cc1c[nH]c(-c2cnc(NCCNc3ccc(C#N)cn3)nc2-c2ccc(Cl)cc2Cl)n1,98.13
C=C[C@H]1CN2CC[C@H]1C[C@@H]2[C@@H](O)c1ccnc2ccc(OC)cc12,85.48
Cn1c(=O)c2nc[nH]c2n(C)c1=O,43.7
CC(C)Oc1cc(-n2cnc3cnc(N[C@@H](C)c4ncc(F)cn4)nc32)n[nH]1,69.12
O=C(NC[C@@H](O)CN1CCC(Oc2ccc(Cl)c(Cl)c2)CC1)c1c[nH]c(=O)c2cc(S(=O)(=O)NCCO)ccc12,87.62
O=C(NC[C@@H](O)CN1CCC(Oc2ccc(Cl)c(Cl)c2)CC1)c1c[nH]c(=O)c2ccc(F)cc12,95.01
O=C(NC[C@@H](O)CN1CCC(Oc2ccc(Cl)c(Cl)c2)CC1)c1c[nH]c(=O)c2cc(F)ccc12,98.92
NC(=O)c1c(OC2CCN(C[C@H](O)CNC(=O)c3c[nH]c(=O)c4ccccc34)CC2)ccc(Cl)c1Cl,78.79
N#Cc1ccc(OC2CCN(C[C@H](O)CNC(=O)c3c[nH]c(=O)c4ccccc34)CC2)cc1Cl,80.29
Cc1c(Cl)ccc(OC2CCN(C[C@H](O)CNC(=O)c3c[nH]c(=O)c4ccc(S(C)(=O)=O)cc34)CC2)c1Cl,92.32
O=C(NC[C@@H](O)CN1CCC(Oc2ccc(Cl)c(Cl)c2)CC1)c1c[nH]c(=O)c2ccccc12,98.17
CNS(=O)(=O)c1ccc2c(C(=O)NC[C@@H](O)CN3CCC(Oc4ccc(Cl)c(Cl)c4)CC3)c[nH]c(=O)c2c1,91.46
CS(=O)(=O)c1ccc2c(C(=O)NC[C@@H](O)CN3CCC(Oc4ccc(Cl)c(Cl)c4)CC3)c[nH]c(=O)c2c1,90.32
CS(=O)(=O)c1ccc2c(C(=O)NC[C@@H](O)CN3CCC(Oc4ccc(C#N)c(Cl)c4)CC3)c[nH]c(=O)c2c1,68.13
Cc1onc(-c2ccccc2)c1-c1ccc(S(N)(=O)=O)cc1,97.55
COc1cc(OC)c(S(=O)(=O)N2c3ccccc3CCC2C)cc1NC(=O)CCc1nn[nH]n1,93.53
CN(CC(=O)NC1CC1)C(=O)c1ccc2c(c1)c1c(n2C)CCC(C2CCOCC2)C1,96.72
COc1ccc(CCC[N+](C)(CCCc2ccc(OC)cc2)CCNC(=O)c2nc(Cl)c(N)nc2N)cc1,83.68
CNC(=O)CCCN(C)C(=O)c1ccc2c(c1)c1c(n2C)CC[C@@H](C2CCOCC2)C1,96.34
CC(C)Cn1c(=O)n(C)c(=O)c2c(C(=O)N3CC[C@@H](O)C3)c(Cc3c[nH]c4ncccc34)sc21,68.63
Cc1cc(=O)n(-c2ccccc2)n1C,19.35
Cc1cc2cc(C)c3nnc(SCC(=O)N4CCN(C(=O)c5ccco5)CC4)n3c2cc1C,97.91
Cc1ccc2cc(C)c3nnc(SCC(=O)N4CCN(C(=O)c5ccco5)CC4)n3c2c1,99.05
COc1cc2ncnc(Nc3ccc(F)c(Cl)c3)c2cc1NC(=O)/C=C/CN1CCCCC1,98.21
CC(=O)c1cc2ccc(O)cc2oc1=O,98.51
CCN(CC)c1ccc2cc(C(C)=O)c(=O)oc2c1,92.8
CC1N=C(N)N=C(N)N1c1ccc(Cl)cc1,25.31
CSc1ccc(N2C(N)=NC(N)=NC2(C)C)cc1,33.39
CO[C@H]1CC[C@]2(CC1)Cc1ccc(-c3cc(Cl)cc(C#N)c3)cc1C21N=C(C)C(N)=N1,97.91
C[C@@]1(c2cc(-c3cncnc3)c(F)cc2F)CCSC(N)=N1,54.02
Cc1nc2ccc(NS(=O)(=O)c3ccc4c(c3)OCCO4)cc2s1,99.67
CCN(Cc1cc(C(F)(F)F)ccc1-c1cc(CC(=O)O)ccc1OC)C(=O)NCc1ccccc1,98.29
O=C(c1c2ccccc2cc2ccccc12)N1CCC(N2CCC[C@@H](C(=O)N3CCOCC3)C2)CC1,93.39
CC(C)(O)c1ccc(Nc2nc3ccc(C#N)cc3[nH]2)cc1,92.8
Cc1ccc(-c2cc(C(F)(F)F)nn2-c2ccc(S(N)(=O)=O)cc2)cc1,98.94
NC(=O)c1cc(C(N)=O)n(-c2cccc(-c3cc(C(F)(F)F)ccc3C(F)(F)F)c2)n1,96.72
Cc1nn(-c2ccccc2)c(NS(=O)(=O)C2CCCCC2)c1C(=O)N[C@@H](C)C(C)(C)C,98.51
COc1ccc(C2(c3cccc(-c4cncnc4)c3)N=C(C)C(N)=N2)cc1C,93.8
COc1c(C)cc(C2(c3cccc(-c4cncnc4)c3)N=C(C)C(N)=N2)cc1C,95.63
CCN(C(=O)c1cnn(-c2ccccc2)c1NS(=O)(=O)c1ccc(-c2cnco2)cc1)C1CCCCC1,98.7
COc1ccc2nc(C)cc(OCC(=O)NCc3ccccc3)c2c1,99.01
COc1ccccc1CCNCc1cccc(CCNC[C@H](O)c2ccc(O)c3[nH]c(=O)sc23)c1,94.06
O=c1[nH]c2c(O)ccc([C@@H](O)CNCCSCCCNCCc3cccc(Cl)c3Cl)c2s1,94.06
O=c1[nH]c2c(O)ccc([C@@H](O)CNCCSCCCNCCc3ccccc3)c2s1,52.88
O=c1[nH]c2c(O)ccc([C@@H](O)CNCCSCCCNCCc3cccc(Cl)c3)c2s1,84.3
COc1ccc(CC(=O)NCc2ccccc2-c2ccccc2C(=O)NCCc2cccnc2)cc1,99.34
CC(C)n1c(/C=C/C(O)CC(O)CC(=O)O)c(-c2ccc(F)cc2)c2ccccc21,99.52
CN1CC[C@]23c4c5ccc(O)c4O[C@H]2[C@@H](O)C=C[C@H]3[C@H]1C5,20.83
COc1ccc(CCO[C@@H]2CCCC[C@H]2N2CC[C@@H](O)C2)cc1OC,37.06
O=c1nc(NCc2ccccc2)sn1Cc1ccccc1,99.88
CC1=C2C[C@H]3[C@@H](CC=C4C[C@@H](O)CC[C@@]43C)[C@@H]2CC[C@]12O[C@@H]1C[C@H](C)CN[C@H]1[C@H]2C,93.24
CC(C)(O)c1ccccc1CC[C@@H](SCC1(CC(=O)O)CC1)c1cccc(/C=C/c2ccc3ccc(Cl)cc3n2)c1,99.95
COc1ccc2c(c1)N(CCN1CCC(NCc3ccc4c(n3)NC(=O)CO4)CC1)C(=O)CC2,95.82
CC(C(=O)O)c1cccc(C(=O)c2ccccc2)c1,98.73
CC(C)(Oc1ccc(C(=O)c2ccc(Cl)cc2)cc1)C(=O)O,98.81
Cc1cc(-c2cc(=O)[nH]c(NCc3cccc4ccccc34)n2)ccn1,99.75
CCN(CCO)C(=O)c1oc2cccnc2c1-c1cccc(C(F)(F)F)c1,91.28
O=C(c1csc2c1CCCC2)N1CCCCC1,90.72
C[C@@](C(=O)O[C@H]1C[N+]2(CCCc3cc4ccccc4s3)CCC1CC2)(c1ccccc1)N1CCCCC1,99.68
Fc1ccc([C@@H]2CCNC[C@H]2COc2ccc3c(c2)OCO3)cc1,89.91
O=C(Nc1ccc(Cl)c(S(=O)(=O)N2CCNCC2)c1O)Nc1cccc(F)c1Cl,99.71
CC(O)(C(=O)Nc1ccc(S(=O)(=O)N2CCOCC2)cc1)C(F)(F)F,62.94
C[C@H](Oc1ccc(Cl)cc1CN1CCN(C(=O)Cc2ccc(Cl)cc2)[C@@H](C)C1)C(=O)O,97.44
C[C@H]1CN(Cc2cc(Cl)ccc2OCC(=O)O)CCN1C(=O)Cc1ccccc1,97.38
C[C@H]1CN(Cc2cc(Cl)ccc2OCC(=O)O)CCN1C(=O)Cc1ccc(F)cc1,97.13
C[C@H]1CN(Cc2cc(Cl)ccc2OCC(=O)O)CCN1C(=O)Cc1ccc(Cl)cc1,98.13
C[C@@H](C(=O)NCCN1CCCC1)c1ccc(OS(=O)(=O)C(F)(F)F)cc1,67.63
Cc1[nH]c(C(=O)NC2CCN(c3ncc(C(=O)O)s3)CC2)c(Cl)c1Cl,97.07
COc1ccc(C(CN(C)C)C2(O)CCCCC2)cc1,18.64
CCN(CC)CC#CCOC(=O)C(O)(c1ccccc1)C1CCCCC1,97.07
NCCCCCc1c[nH]c2ccc(F)cc12,64.01
O=C1COc2c(CCNCCN(C(=O)CCNCCc3ccc(Cl)c(Cl)c3)C3CCCCC3)ccc(O)c2N1,96.87
C[C@H](CO)Nc1nc(SCc2cccc(F)c2F)nc2[nH]c(=O)cnc12,98.86
N#Cc1c(-c2ccc(-c3cccnc3)cc2)nc2ccncc2c1O,99.3
Cn1cc(C2=C(c3cn(C4CCN(Cc5ccccn5)CC4)c4ccccc34)C(=O)NC2=O)c2ccccc21,99.83
Cc1ccc(S(=O)(=O)N(C)c2ccc3sc(C)nc3c2)cc1,99.26
O=S(=O)(Nc1ccc2sc(CO)nc2c1)c1ccc(Br)cc1,99.31
C[C@H](CO)Nc1nc(SCc2ccco2)nc2[nH]c(=O)sc12,98.4
O=C(O)CSCC(=O)Nc1nc(-c2ccccc2)cs1,99.03
O=S(=O)(CCCOCCc1ccccc1)CCNCCc1ccc(O)c2nc(O)sc12,94.44
O=C(NCC12CC3CC(CC(C3)C1)C2)c1cc(CN2CCNCC2)ccc1Cl,91.28
CO[C@H]1CN(CCn2c(=O)ccc3ccc(C#N)cc32)CC[C@H]1NCc1ccc2c(n1)NC(=O)CO2,46.55
N#Cc1ccc2ccc(=O)n(CCN3CC[C@@H](NCc4ccc5c(n4)NC(=O)CO5)[C@@H](F)C3)c2c1,79.55
CO[C@@H]1CN(CCn2c(=O)ccc3ccc(C#N)cc32)CC[C@H]1NCc1ccc2c(n1)NC(=O)CO2,72.45
N#Cc1ccc2ccc(=O)n(CCN3CC[C@H](NCc4ccc5c(n4)NC(=O)CO5)[C@H](O)C3)c2c1,79.17
CN1CCCCC1CCN1c2ccccc2Sc2ccc([S+](C)[O-])cc21,92.32
CSc1ccc2c(c1)N(CCC1CCCCN1C)c1ccccc1S2,99.63
COc1cccc(OC)c1OCCNCC1COc2ccccc2O1,97.6
O=C(O)c1c(O)c(Cc2ccc(Cl)cc2)nc2c3c(ccc12)CCCC3,99.93
CN[C@@H](C)C(=O)N[C@H](C(=O)N[C@H]1CCN(Cc2ccccc2)C1)C1CCCCC1,48.85
CC(C)(C)NS(=O)(=O)c1cncc(-c2ccc3nc(NC(=O)NCC(=O)N4CCOCC4)nn3c2)c1,54.02
COc1cccc(Nc2nc(NCC3CCCO3)c3ccccc3n2)c1,98.81
Fc1cc(-c2cccc3ncc(-c4cnn(C5CCNCC5)c4)nc23)cc(F)c1CN1CCOCC1,91.46
CC(=O)Nc1nc(CCc2ccc(NC(=N)N)cc2)cs1,53.45
O=C(NCc1cccc(OC(F)(F)F)c1)C1c2ccccc2C(=O)N1CCc1ncc(F)cn1,95.53
O=C(NCc1ccc(OC(F)(F)F)cc1)C1c2ccccc2C(=O)N1CCc1ncc(F)cn1,95.23
O=C(NCc1ccc(OC(F)(F)F)cc1)C1c2ccccc2C(=O)N1CCc1ncccn1,91.82
O=C(NCc1ccc(OC(F)(F)F)cc1)C1c2cccc(O)c2C(=O)N1CCc1ncc(F)cn1,98.21
O=C(NCc1ccc(F)c(OC(F)(F)F)c1)C1c2ccccc2C(=O)N1CCc1ncc(F)cn1,96.79
O=C(NCc1ccc(F)c(C(F)(F)F)c1)C1c2ccccc2C(=O)N1CCc1ncc(F)cn1,95.23
O=c1cc(O)oc2c1c(=O)n(-c1ccccc1)c1ccccc21,98.17
CC(C)(C)CCN1CC[C@H](CNC(=O)c2cc(Cl)cc(Cl)c2)[C@H](F)C1,95.53
CC(C)(C)NC(=O)NCCN1CCC(O)(CNC(=O)c2cc(Cl)cc(Cl)c2)CC1,76.81
CC(C)(C)NC(=O)NCCN1CCC(CNC(=O)c2cc(Cl)cc(Cl)c2)CC1,89.05
CC(C)(C)NC(=O)NCCN1CCC(CO)(CNC(=O)c2cc(Cl)cc(Cl)c2)CC1,82.05
COc1cc(Nc2ncc(C)s2)nc(N[C@@H](C)c2ncc(F)cn2)n1,89.7
CN[C@@H](C)C(=O)N[C@H](C(=O)N[C@H]1CCCN(C(=O)Cc2ccccc2)C1)C1CCCCC1,62.4
Cc1ccc(S(=O)(=O)Nc2c(C(=O)N[C@@H](C)C(C)(C)C)c(C)nn2C2CCC2)cc1,98.17
C[C@@](C(=O)OC1CC[N+](C)(C)CC1)(c1ccccc1)C1CCCC1,57.99
COc1cc(/C=C2\SC(=O)NC2=O)ccc1Oc1ccc(C#N)cc1C(F)(F)F,99.95
COc1ccc2nc(NC(=O)CCc3ccc(OC)c(OC)c3)sc2c1,99.94
COC(=O)[C@H](c1ccccc1Cl)N1CCc2sccc2C1,98.64
Nc1ccc(OCCc2ccccc2)cc1,96.57
CC(=O)N1CCN(c2nc(NC(C)(C)Cc3ccc(Cl)cc3)c3c(n2)C(=O)N(C(C)C)C3)CC1,96.79
CCN(CC)CCOc1ccc2c(c1)C(=O)c1cc(OCCN(CC)CC)ccc1-2,48.27
Cc1c(Cc2ccc3ccccc3n2)c2cc(F)ccc2n1CC(=O)O,99.36
CC(C)(C(=O)O)c1ccc(C(O)CCCN2CCC(C(O)(c3ccccc3)c3ccccc3)CC2)cc1,62.94
CC(C)(C)c1ccc(C(O)CCCN2CCC(C(O)(c3ccccc3)c3ccccc3)CC2)cc1,99.16
Cc1nn(-c2ccccc2)c(N)c1-c1ccccc1,98.7
N#Cc1cc(S(=O)(=O)Nc2ncc(Cl)s2)ccc1Oc1ccc(Cl)cc1-c1ccnn1C1CNC1,99.19
CN(Cc1cnc2nc(N)nc(N)c2n1)c1ccc(C(=O)N[C@@H](CCC(=O)O)C(=O)O)cc1,46.55
CC(C)N(CCCNC(=O)Nc1ccc(C(C)(C)C)cc1)C[C@H]1O[C@@H](n2cnc3c(N)ncnc32)[C@H](O)[C@@H]1O,71.53
CN1CCN(CC(=O)N2c3ccccc3C(=O)Nc3cccnc32)CC1,24.03
CC(C)(C(=O)c1cccnc1)c1cccnc1,11.18
Clc1ccc2c(c1)C(N1CCNCC1)=Nc1ccccc1O2,89.05
O=c1cc(-c2ccccc2)ccn1-c1ccc2c(cnn2CCN2CCCC2)c1,83.04
COCCNC(=O)c1ccc(Nc2ncc3cc(-c4ccncc4OC)ccc3n2)cc1,99.8
COCCC(=O)N[C@H](C)c1ccc(Nc2ncc3cc(-c4ccncc4)ccc3n2)cc1,98.17
COCCC(=O)NC(C)c1ccc(Nc2ncc3cc(-c4ccncc4)ccc3n2)cc1,98.61
CC(=O)N[C@@H](C)c1ccc(Nc2ncc3cc(-c4ccncc4)ccc3n2)cc1,98.51
COc1cc2nc(Nc3ccc([C@@H](C)NC(C)=O)cc3)ncc2cc1-c1ccncc1,97.38
COc1cc(-c2ccncc2)cc2cnc(Nc3ccc([C@@H](C)NC(C)=O)cc3)nc12,96.57
COCCNC(=O)c1ccc(Nc2ncc3cc(-c4ccncc4)ccc3n2)cc1,98.29
CN(C)CCNC(=O)c1ccc(Nc2ncc3cc(-c4ccncc4)ccc3n2)cc1,98.89
COCCC(=O)N(C)c1ccc(Nc2ncc3cc(-c4ccncc4)ccc3n2)cc1,97.38
COCCNCc1ccc(Nc2ncc3cc(-c4ccncc4)ccc3n2)cc1,89.7
CC(=O)NC(C)c1ccc(Nc2ncc3cc(-c4ccncc4)ccc3n2)cc1,98.7
CN(C)CCNCc1ccc(Nc2ncc3cc(-c4ccncc4)ccc3n2)cc1,95.01
COCCC(=O)Nc1ccc(Nc2ncc3cc(-c4ccncc4)ccc3n2)cc1,98.21
CC(=O)Nc1ccc(Nc2ncc3cc(-c4ccncc4)ccc3n2)cc1,99.4
COCCNC(=O)c1ccc(Nc2ncc3cc(-c4ccncc4C)ccc3n2)cc1,98.61
CC(=O)N(C)c1ccc(Nc2ncc3cc(-c4ccncc4)ccc3n2)cc1,98.09
COCCNC(=O)c1ccc(Nc2ncc3cc(-c4ccncc4)ccc3n2)cc1C,99.6
CC(=O)N[C@H](C)c1ccc(Nc2ncc3cc(-c4ccncc4)ccc3n2)cc1,97.55
CC(=O)N[C@H](C)c1ccc(Nc2ncc3cc(-c4ccncc4)c(C)cc3n2)cc1,98.09
CC(C)(C)S(=O)(=O)N[C@H]1CC[C@H](C(=O)Nc2ccc(C(F)(F)F)cn2)CC1,95.91
O=CNc1cc([C@@H](O)CNCCc2ccc(NC[C@H](O)c3ccccc3)cc2)ccc1O,71.53
CNC1=Nc2ccc(Cl)cc2C(c2ccccc2)=[N+]([O-])C1,97.71
CS(=O)(=O)CCNCc1ccc(-c2ccc3ncnc(Nc4ccc(OCc5cccc(F)c5)c(Cl)c4)c3c2)o1,99.74
CCCCCOc1ccc(C(=O)NC(C(=O)O)C(C)C)cc1,98.29
C[C@@](O)(C(=O)Nc1ccc(S(C)(=O)=O)cc1Cl)C(F)(F)F,60.77
CC(C)(C)NCC(O)c1ccc(O)c(CO)c1,22.79
CC(=O)Nc1ccc(O)cc1,26.64
C#CCN(C)[C@H](C)Cc1ccccc1,72.91
CCCNC(=O)NS(=O)(=O)c1ccc(Cl)cc1,96.0
O=C(N[C@H](CO)[C@H](O)c1ccc([N+](=O)[O-])cc1)C(Cl)Cl,56.3
CC(NC(C)(C)C)C(=O)c1cccc(Cl)c1,45.98
CCN(CC)CCNC(=O)c1ccc(NS(C)(=O)=O)cc1,15.1
COCCCC/C(=N\OCCN)c1ccc(C(F)(F)F)cc1,75.55
Cc1cccc(C)c1OCC(C)N,36.53
CCN(CC)CCNC(=O)c1cc(Cl)c(N)cc1OC,29.9
CC(=O)NCc1cccc(C(=O)O)c1,83.04
CCOc1ccc(NC(C)=O)cc1,34.94
CS(=O)(=O)c1ccc([C@@H](O)[C@@H](CF)NC(=O)C(Cl)Cl)cc1,32.37
C[C@@H](C(N)=O)c1ccc(OS(=O)(=O)C(F)(F)F)cc1,86.59
COc1ccc(OC)c(C(O)CN)c1,21.99
CC(C)CCOc1ccc(N)cc1,93.24
Cc1ccc(C)c(OCCCC(C)(C)C(=O)O)c1,99.77
COc1cc(C(=O)OCCCCNC(=N)N)cc(OC)c1O,38.14
COCCCCC(=NOCCN)c1ccc(C(F)(F)F)cc1,73.36
CCCCNC(=O)NS(=O)(=O)c1ccc(C)cc1,98.09
CCNC(=O)C[C@H]1N=C(c2ccc(Cl)cc2)c2cc(OC)ccc2-n2c(C)nnc21,93.1
Cc1nnc2n1-c1ccc(Cl)cc1C(c1ccccc1)=NC2,71.05
Cc1nnc2n1-c1ccc(Cl)cc1C(c1ccccc1Cl)=NC2,85.48
CCNC(=O)C[C@@H]1N=C(c2ccc(Cl)cc2)c2cc(OC)ccc2-n2c(C)nnc21,75.97
Cc1cc(C)c(C)c(Cn2ccc3c(/C=N/NC(=O)c4ccc(O)c(C#N)c4)cccc32)c1C,96.0
CC1Cc2ccccc2N1NC(=O)c1ccc(Cl)c(S(N)(=O)=O)c1,79.55
C[C@@H](NC(=O)C1CCCCN1C)c1ccc(Nc2ncc3cc(-c4ccncc4)ccc3n2)cc1,96.17
C[C@@H](NC(=O)[C@H]1CCCCN1)c1ccc(Nc2ncc3cc(-c4ccncc4)ccc3n2)cc1,95.12
CC[C@H](CO)Nc1nc(NCc2ccccc2)c2ncn(C(C)C)c2n1,92.8
Cc1ccc(CO)cc1N(C)c1ccnc(Nc2cc(N3CCOCC3)cc(N3CCOCC3)c2)n1,91.82
CN(c1cccc(CO)c1)c1ccnc(Nc2cc(N3CCOCC3)cc(N3CCOCC3)c2)n1,90.32
O=C(O)[C@@H](c1ccccc1)N1CCC(CN2CCC(Oc3ccc(Cl)c(Cl)c3)CC2)CC1,83.37
O=C(O)c1ccccc1CN1CCC(CN2CCC(Oc3ccc(Cl)c(Cl)c3)CC2)CC1,70.1
O=C(O)C(c1ccccc1)N1CCC(CN2CCC(Oc3ccc(Cl)c(Cl)c3)CC2)CC1,91.46
O=C(CCCN1CCC(O)(c2ccc(Cl)cc2)CC1)c1ccc(F)cc1,85.48
O=C(CCCN1CCC(O)(c2cccc(C(F)(F)F)c2)CC1)c1ccc(F)cc1,92.32
C[C@H](CO)Nc1nc(SCc2ccco2)nc2nc(N)sc12,88.35
CC(C)N(CCCNC(=O)Nc1ccc(C(C)(C)C)cc1)C[C@H]1O[C@@H](n2ccc3c(N)ncnc32)[C@H](O)[C@@H]1O,79.92
O=c1cc(Cn2c(C3CCC3)nc3nccnc32)c2ccc(F)c(F)c2[nH]1,79.92
O=C(Nc1cc(-c2ccncc2)c[nH]c1=O)[C@H](Cc1ccccc1)NC1(c2ccccn2)CC1,97.13
c1ccc([C@@H]([C@H](c2ccccc2)N2CCCCC2)N2CCCCC2)cc1,90.12
c1ccc([C@H]([C@@H](c2ccccc2)N2CCCCC2)N2CCCCC2)cc1,93.94
CCCN(c1cccc(S(C)(=O)=O)c1)P(=O)(c1ccccc1)c1ccccc1,96.79
CCCN(c1cccc(C#N)c1)P(=O)(c1ccccc1)c1ccccc1,99.44
O=S(=O)(Nc1ncns1)c1cc(F)c(Oc2ccc(Cl)cc2-c2ccnn2C2CNC2)cc1F,98.0
CN1CC(n2nccc2-c2cc(Cl)ccc2Oc2cc(F)c(S(=O)(=O)Nc3ncns3)cc2F)C1,98.4
Cc1cnc(NC(=O)C2C(=O)c3ccccc3S(=O)(=O)N2C)s1,99.57
COc1ccc2c(C)nc(NC(=N)N)nc2c1,78.79
Cc1ccc2nc(C[N+]34CCC(CC3)[C@@H](OC(=O)[C@](C)(c3ccccc3)N3CCCCC3)C4)oc2c1,92.95
Cc1ccc(CCNC(=O)c2ccc3sc(CO)nc3c2)cc1,97.07
N[C@@H](CC(=O)N1CCn2c(nnc2C(F)(F)F)C1)Cc1cc(F)c(F)cc1F,23.19
Cc1nnc(-c2ccc(N3CCC(Oc4cc(F)ccc4Cl)CC3)nn2)o1,98.21
COC[C@@H](O)Cn1c(=O)cnn(-c2ccc(Cl)c(C(=O)NCC3(O)CCCCCC3)c2)c1=O,41.45
COC[C@H](O)Cn1c(=O)cnn(-c2ccc(Cl)c(C(=O)NCC3(O)CCCCCC3)c2)c1=O,58.55
O=C(NCC1(O)CCCCCC1)c1cc(-n2ncc(=O)[nH]c2=O)ccc1Cl,75.97
O=C(NCC12CC3CC(CC(C3)C1)C2)c1cc(CN2CC3CNCC(C2)O3)ccc1Cl,95.33
CN(C)CCC=C1c2ccccc2COc2ccccc21,76.39
CN(C)CC/C=C1\c2ccccc2COc2ccccc21,78.79
C[C@H]([C@H](O)c1ccc(O)cc1)N1CCC(O)(c2ccccc2)CC1,31.87
COc1ccc(Cl)cc1C(=O)NCCc1ccc(S(=O)(=O)NC(=O)NC2CCCCC2)cc1,99.88
CC(C)[C@H]1C(=O)N[C@H](CO)Cc2ccccc2N1C,62.94
CNc1c(C(N)=O)cnc2[nH]c(-c3ccc(OCCN4CCOCC4)cc3)nc12,78.79
CNc1c(Br)cnc2[nH]c(-c3ccc(OCCN4CCOCC4)cc3)nc12,98.51
CNc1c(Cl)cnc2[nH]c(-c3ccc(OCCN4CCOCC4)cc3)nc12,98.09
O=C(NCC12CC3CC(CC(C3)C1)C2)c1cc(OCCNCCCO)ncc1Cl,89.05
Nc1nc(Nc2cccc(Br)c2)c2nc[nH]c2n1,64.54
COc1ccc2nc(C)cc(N3CC(CNC(=O)C4CC4)OC3=O)c2c1,67.63
NS(=O)(=O)c1ccc(N2N=C(c3ccc(Br)cc3)CC2c2ccc(F)cc2)cc1,89.49
CC(C)Cn1c(=O)n(C)c(=O)c2c(C(=O)N3C[C@H](O)CO3)c(Cc3ccccc3C(F)(F)F)sc21,94.79
COc1cnc(-c2cccc(F)c2C(F)(F)CNC(=O)c2ccc(COCC(F)(F)F)nc2)cn1,96.72
COc1cnc(-c2c(C)ccc(F)c2CCNC(=O)c2ccc(COCC(F)(F)F)nc2)cn1,97.6
Cc1cnc(-c2c(F)ccc(F)c2CCNC(=O)c2ccc(COCC(F)(F)F)nc2)cn1,91.99
COc1cnc(-c2ccccc2C(F)(F)CNC(=O)c2ccc(COCC(F)(F)F)nc2)cn1,99.31
CCC(CC)NC(=O)c1cnn(-c2ccccc2)c1NS(=O)(=O)C1CCCC1,99.78
C[C@@H](NC1=CC(=O)CNC1)c1ccc(Nc2ncc3cc(-c4ccncc4)ccc3n2)cc1,96.42
O=C1N(c2ccccc2)c2ccccc2C1(Cc1ccncc1)Cc1ccncc1,99.6
COc1ccc(NC(=O)c2ccc(C[S+](C)[O-])c3ccccc23)c(C(=O)NCC2CCOCC2)n1,94.56
Cc1csc(NC(=O)COc2ncnc3c2cnn3-c2ccccc2Cl)n1,99.18
COc1ccc2ncc(=O)n(CCN3CC[C@@H](NCc4cc5c(cn4)OCCO5)[C@@H](O)C3)c2c1,85.77
COc1ccc2ncc(=O)n(CCN3CC[C@@H](NCc4cc5c(cn4)OCCO5)[C@H](O)C3)c2c1,82.05
COc1ccc2ncc(=O)n(CCN3CC[C@H](NCc4cc5c(cn4)OCCO5)[C@@H](OC)C3)c2c1,83.37
COc1ccc2ncc(=O)n(CCN3CC[C@H](NCc4cc5c(cn4)OCCO5)[C@H](O)C3)c2c1,80.65
C[C@](N)(Cc1ccccc1)c1ccccc1,82.05
COc1cnc(-c2ccccn2)nc1N1CCOCC1,66.1
CCc1c2c(nc3ccc(O)cc13)-c1cc3c(c(=O)n1C2)COC(=O)[C@]3(O)CC,92.32
CN[C@@H](C)C(=O)N[C@H](C(=O)N[C@H]1CCCCN(CCc2ccccc2)C1)C1CCCCC1,73.81
CC(C)(N)C(=O)N[C@H](COCc1ccccc1)C(=O)N1CCC2(CC1)CN(S(C)(=O)=O)c1ccccc12,76.81
COc1ccc(S(=O)(=O)N2CC(C)N(S(=O)(=O)c3ccc(OC)cc3)CC2C)cc1,99.65
Cc1cc(Nc2nc(N[C@@H](C)c3ccc(F)cn3)c(C#N)cc2F)n[nH]1,94.68
Cc1cc(Nc2nc(N[C@@H](C)c3ccc(F)cn3)c(C#N)cc2Cl)n[nH]1,96.42
CCC(CC)NC(=O)c1cn(-c2ccccc2)nc1NS(=O)(=O)c1ccc(C)cc1,99.87
C[C@H]1O[C@@H](n2cnc3c(N)nc(OCC4CC45CC5)nc32)[C@H](O)[C@H]1Cl,95.53
C[C@H]1O[C@@H](n2cnc3c(N)nc(OCC4CC45CC5)nc32)[C@H](O)[C@@H]1O,75.12
Nc1ncnc2c1ncn2[C@@H]1O[C@H](CSCCCNC(=O)NCc2ccccc2)[C@@H](O)[C@H]1O,84.6
CC(C)(C)NC(=O)NCCN1CCOC(CNC(=O)c2cc(Cl)cc(Cl)c2)C1,93.94
COc1ccc([C@]2(C#N)CC[C@@H](C(=O)O)CC2)cc1OC1CCCC1,98.84
CN(C)c1cc(NC(=O)Nc2cccc(Cl)c2)c2ccccc2n1,99.86
N#CC[C@H](C1CCCC1)n1cc(-c2ncnc3[nH]ccc23)cn1,94.68
O=C(COc1cccc(Cl)c1)NC1CCN(Cc2ccn(-c3ccc(C(F)(F)F)cc3)c2)CC1,99.28
O=C(Nc1ccccc1-c1cn2c(CN3CCNCC3)csc2n1)c1cnc2ccccc2n1,99.01
C[C@]12CCC(=O)C=C1C=C[C@@H]1[C@@H]2CC[C@@]2(C)[C@H]1CC[C@@]21CCC(=O)O1,94.06
COc1cc(O)c(C(CC(=O)N2CC(C)CC(C)C2)c2ccc3c(c2)OCO3)c(OC)c1,99.76
Cc1cc(C(=O)Cn2cc(C(F)(F)F)ccc2=O)c(C)n1Cc1ccccc1,98.4
O=C(CN1C2=NCCN2c2ccccc21)c1ccc(Cl)cc1,66.1
CCCCc1oc2ccc(NS(C)(=O)=O)cc2c1C(=O)c1ccc(OCCCN(CCCC)CCCC)cc1,99.91
CC(C)Oc1cc(Nc2nc3c(cc2F)ncn3[C@@H](CO)c2ccc(F)cn2)n[nH]1,94.9
CCOc1cc(Nc2nc3c(cc2F)ncn3[C@@H](CO)c2ccc(F)cn2)n[nH]1,86.85
COc1cc(Nc2nc3c(cc2F)ncn3[C@@H](CO)c2ccc(F)cn2)n[nH]1,78.41
CN[C@@H](C)C(=O)N[C@H](C(=O)N[C@H]1CCCN(CC(c2ccccc2)c2ccccc2)C1)C1CCCCC1,97.38
CNc1nc2ccccc2n1Cc1sc2c(c1C(=O)N1CC[C@@H](O)C1)c(=O)n(C)c(=O)n2CC(C)C,68.13
O=C(O)CCn1c2c(c3ccccc31)C[C@H](NS(=O)(=O)c1ccc(F)cc1)CC2,97.26
O=C(CCS(=O)(=O)c1ccc(Br)cc1)Nc1ccc2c(c1)OCO2,98.81
COc1cc(OC)c(S(=O)(=O)N(c2ccccc2)c2ccccc2)cc1NC(=O)CCC(=O)O,90.72
COc1cc(OC)c(S(=O)(=O)N(c2ccc(C)cc2)c2ccc(C)cc2)cc1NC(=O)CCC(=O)O,95.12
CCCCC(=O)N(Cc1ccc(-c2ccccc2-c2nnn[nH]2)cc1)[C@H](C(=O)O)C(C)C,99.78
CCn1cc(C(=O)O)c(=O)c2cc(F)c(N3CCNCC3)nc21,34.42
O=C(N[C@H](Cc1ccc(Cl)cc1)C(=O)N1CCC(Cn2cncn2)(C2CCCCC2)CC1)[C@H]1Cc2ccccc2CN1,99.3
Cc1cc(C)c(CNC(=O)c2cc(C3CC3)nc3c2cnn3C(C)C)c(O)n1,96.5
COc1c(C)cc(C2(c3cccc(-c4cncnc4)c3)N=C(N)c3c(F)cccc32)nc1C,96.57
COc1cc([C@@H]2c3cc4c(cc3C(O[C@@H]3O[C@@H]5CO[C@@H](C)O[C@H]5[C@H](O)[C@H]3O)C3COC(=O)[C@@H]32)OCO4)cc(OC)c1O,98.17
Cc1c(OCC(F)(F)F)ccnc1C[S+]([O-])c1nc2ccccc2[nH]1,98.4
Cc1cnc(C(=O)c2ncnc3[nH]ccc23)c(NS(=O)(=O)c2ccc(Cl)c(C(F)(F)F)c2)c1,99.91
Cc1oc(-c2ccccc2)cc1C(=O)Nc1cccc(C(=O)O)c1,99.8
Cc1ccc(C(=O)N2CC3CNCC(C2)O3)cc1NC(=O)CC12CC3CC(CC(C3)C1)C2,71.99
NC(=O)c1cnc2[nH]c(-c3ccc(OCCN4CCCCC4)cc3)nc2c1NCCCNC(=O)C1CCC1,78.41
CCOC(=O)C1=C(C)NC(C)=C(C(C)=O)[C@H]1c1cccc2c(=O)cc(C)oc12,85.19
CN[C@@H](C)C(=O)N[C@H](C(=O)N[C@H]1CCCN(CCc2ccc([N+](=O)[O-])cc2)C1)C(C)(C)C,73.81
CN[C@@H](C)C(=O)N[C@H](C(=O)N[C@H]1CCCN(CCc2ccccc2OC)C1)C(C)(C)C,74.25
CN[C@@H](C)C(=O)N[C@H](C(=O)N[C@H]1CCCN(CCc2ccc(C(F)(F)F)cc2)C1)C(C)(C)C,90.72
CN[C@@H](C)C(=O)N[C@H](C(=O)N[C@H]1CCCN(CCc2ccc(F)cc2)C1)C(C)(C)C,92.16
CN[C@@H](C)C(=O)N[C@H](C(=O)N[C@H]1CCCN(CCc2ccc(Br)cc2)C1)C(C)(C)C,97.71
CN[C@@H](C)C(=O)N[C@H](C(=O)N[C@H]1CCCN(CCc2ccc(Cl)cc2)C1)C(C)(C)C,97.07
CN[C@@H](C)C(=O)N[C@H](C(=O)N[C@H]1CCCN(CCc2ccccc2)C1)C(C)(C)C,49.42
N#Cc1ccc2c(c1)NC(=O)C2c1ncnc2cc(OCCCN3CCOCC3)ccc12,98.7
CC(C(=O)O)c1ccc2oc(-c3ccc(Cl)cc3)nc2c1,99.76
COc1ccc(-c2nc3c(OCC4CCNCC4)c(Br)cnc3[nH]2)cc1,86.59
CCS(=O)(=O)c1ccc2[nH]c(-c3cccc(-c4ccccc4)c3)nc2c1,99.89
COc1ccc2ncc(=O)n(CCN3CCC(NCc4cc5c(cn4)OCCO5)CC3)c2n1,53.45
CCCNCC(O)COc1ccccc1C(=O)CCc1ccccc1,92.95
CCc1nc2c(N)nc3ccccc3c2n1CC(C)C,88.35
CCc1nc2c(N)nc3ccccc3c2n1CCCCNS(C)(=O)=O,66.61
CC(C)Cn1cnc2c(N)nc3ccccc3c21,85.19
CCCCc1nc2c(N)nc3ccccc3c2n1CC(C)C,93.8
CN[C@@H](C)C(=O)N[C@H](C(=O)N[C@H]1CCCN(CCc2ccccc2F)C1)C1CCCCC1,73.81
CN[C@@H](C)C(=O)N[C@H](C(=O)N[C@H]1CCCN(CCc2cccc(F)c2)C1)C1CCCCC1,71.99
CN[C@@H](C)C(=O)N[C@H](C(=O)N[C@H]1CCCN(CCc2ccccc2)C1)C1CCCCC1,67.12
CN[C@@H](C)C(=O)N[C@H](C(=O)N[C@H]1CCCN(CCc2ccc(F)cc2)C1)C1CCCCC1,73.36
CN[C@@H](C)C(=O)N[C@H](C(=O)N(C)[C@H]1CCCN(CCc2ccccc2)C1)C1CCCCC1,73.36
CC(C)Cn1c(=O)n(C)c(=O)c2c(C(=O)N3CC[C@@H](O)C3)c(Cc3c[nH]c4ccccc34)sc21,91.46
COc1ncc(-c2cccc3c2C[C@H](NC(=O)c2ccc(OCCC(F)(F)F)nc2)CO3)cn1,98.67
COc1ncc(-c2cccc3c2C[C@H](NC(=O)c2ccc(COCC(F)(F)F)nc2)CO3)cn1,96.34
Cn1c(CNc2ccc(C(=N)N)cc2)nc2cc(C(=O)N(CCC(=O)O)c3ccccn3)ccc21,47.12
Nc1cc(C(=O)Nc2cccc(-c3nnn[nH]3)c2)cc(C(F)(F)F)c1,97.81
C[C@@](C(=O)O[C@H]1C[N+]2(CCc3ccccc3F)CCC1CC2)(c1ccccc1)N1CCCCC1,99.19
C[C@@](C(=O)O[C@H]1C[N+]2(CCc3ccccc3)CCC1CC2)(c1ccccc1)N1CCCCC1,97.6
O=C(NO)C1COC(c2ccc(F)c(C(F)(F)F)c2)=N1,91.64
CCCc1cc(C2=N[C@@H](C(=O)NO)CO2)cc(OC)c1OC,94.32
CC(=O)Nc1ccc2ccn(-c3cc(NC4COC4)n4ncc(C#N)c4n3)c2c1,87.62
O=C(O)c1cn(Cc2ccccc2)c2cc(N3CCNCC3)c(F)cc2c1=O,70.1
N#Cc1cnn2c(N)cc(-c3ccccc3)nc12,95.01
COc1ccc(-c2cc(N)n3ncc(C#N)c3n2)cc1,93.24
N#Cc1cnn2c(N)cc(-c3ccc(F)cc3)nc12,94.56
CNC(=O)c1cc(Oc2ccc3c(c2)nc(Nc2ccc(C(F)(F)F)cc2)n3C)ccn1,99.5
CC(C)(C)OC(=O)N1CCN(c2ncc(OCc3ccncc3)cn2)CC1,99.03
CCc1c2c(nc3ccc(OC(=O)N4CCC(N5CCCCC5)CC4)cc13)-c1cc3c(c(=O)n1C2)COC(=O)[C@]3(O)CC,57.99
CS(=O)(=O)Nc1ccc2[nH]c(Cc3ccc(Oc4ccccc4)cc3)nc2c1,99.45
CS(=O)(=O)c1ccc(-c2cnc(N)c(-c3ccc(C(F)(F)F)nc3)c2)cc1,80.65
O=C(O)CCc1nc(-c2ccccc2)c(-c2ccccc2)o1,99.95
Cc1cc(Cl)ccc1OC1CCN(C[C@H](O)CNC(=O)c2c[nH]c(=O)cc2C(F)(F)F)CC1,86.59
Cc1c(Cl)ccc(OC2CCN(C[C@H](O)CNC(=O)c3c[nH]c(=O)cc3C(F)(F)F)CC2)c1Cl,96.65
O=C(NC[C@@H](O)CN1CCC(Oc2ccc(Cl)c(Cl)c2)CC1)c1c[nH]c(=O)cc1C(F)(F)F,88.82
Cn1cc(C(=O)NC[C@@H](O)CN2CCC(Oc3ccc(Cl)c(Cl)c3)CC2)c(C(F)(F)F)cc1=O,93.53
CNC(=O)c1ccc(C)c(-n2c(C)cc(OCc3ccc(F)cc3F)c(Br)c2=O)c1,93.53
O=C(CCCc1ccc2cccnc2n1)NCc1cc(-c2ccc(F)c(C(F)(F)F)c2)no1,99.91
C[C@@H](Oc1cc(-c2cnn(C3CCNCC3)c2)cnc1N)c1c(Cl)ccc(F)c1Cl,92.16
Cc1ccc(-c2nnc(SCC(=O)N3CCN(c4ccccc4)CC3)o2)cc1,99.82
CC#Cc1cncc(-c2cccc(C3(C4CC4)N=C(C)C(N)=N3)c2)c1,95.01
CC1=NC(c2cccc(-c3cncc(Cl)c3)c2)(C2CC2)N=C1N,93.53
CCOc1cc2ncc(C(N)=O)c(Nc3ccc(F)cc3F)c2cc1N1CCOCC1,91.64
Cc1nc(N2CCOCC2)c2cc(-c3ccccc3)sc2n1,99.58
N#Cc1c(N)nc2c(c1N)CC(COc1ccccc1)O2,89.05
Nc1nc(Nc2ccc(S(N)(=O)=O)cc2)nn1C(=O)c1c(F)cccc1F,81.01
COC(=O)CCn1cc(-c2cc(NC3CC3)n3ncc(C#N)c3n2)c2cc(NC(C)=O)ccc21,98.4
CC(=O)Nc1ccc2c(c1)c(-c1cc(NC3CC3)n3ncc(C#N)c3n1)cn2CCCO,98.81
CC(=O)Nc1ccc2c(c1)c(-c1cc(NC3CC3)n3ncc(C#N)c3n1)cn2CCO,98.21
CC(=O)Nc1ccc2c(c1)c(-c1cc(NC3CC3)n3ncc(C#N)c3n1)cn2C,98.64
C[C@@H]1CN(c2ccc3c(n2)NC(=O)CO3)[C@H](c2ccccc2)CO1,93.67
CCCc1nn(C)c2c(=O)[nH]c(-c3cc(S(=O)(=O)N4CCN(C)CC4)ccc3OCC)nc12,95.53
CNCCC=C1c2ccccc2CCc2ccccc21,86.85
CCN(CC)S(=O)(=O)c1ccc(-c2nnc(SCC(=O)N3CCc4ccccc43)o2)cc1,99.65
Cc1nc(C(F)(F)F)ccc1C(=O)Nc1ccc(Cl)c(-c2ccccn2)c1,99.01
CC(C)Cn1c(=O)n(C)c(=O)c2c(C(=O)N3C[C@H](O)CO3)c(Cc3ccnc4ccccc34)sc21,75.12
CCNC(=O)c1cc2c(-n3ccc(C(F)(F)F)n3)c(-c3cncc(-c4n[nH]c(=O)o4)c3)cnc2[nH]1,95.63
O=c1cc(N2CCOCC2)nc2n(Cc3cccc(F)c3)ccn12,78.01
Cc1cccc(Cn2ccn3c(=O)cc(N4CCOCC4)nc23)c1,88.11
O=c1cc(N2CCOCC2)nc2n(Cc3cccc(Cl)c3)ccn12,89.91
O=c1cc(N2CCOCC2)nc2n(Cc3cccc(Cl)c3Cl)ccn12,96.34
Nc1nc(-c2ccc(Cl)c(Cl)c2)c(-c2ccncc2)s1,99.26
O=C1Nc2ccccc2B(O)N1c1ccccc1,82.05
N#Cc1cnn2c(NC3CC3)cc(-c3cccs3)nc12,98.4
CN(C)CCC1CCN(c2cc(C(=O)NC[C@H]3CC[C@H](CNC(=O)OCC(C)(C)C)CC3)c3ccccc3n2)CC1,98.61
CN(C)CCC1CCN(c2cc(C(=O)NC[C@H]3CC[C@H](CNC(=O)OC(C)(C)C)CC3)c3ccccc3n2)CC1,96.65
CC(C)(C)OC(=O)NC[C@H]1CC[C@H](CNC(=O)c2cc(N3CCC(CCO)CC3)nc3ccccc23)CC1,99.3
CC(=O)Nc1ccc2c(c1)N(c1cc(NC3CC3)n3ncc(C#N)c3n1)CCC2,97.38
C[C@@H]1CN(Cc2nnc(-c3cc(-c4cccc5[nH]ccc45)cc4[nH]ncc34)o2)C[C@H](C)O1,98.09
CN1C(=N)N[C@](C)(c2cc(-c3cccc(C#N)c3)cs2)CC1=O,91.64
CC(C)(C)NC(=O)NCCN1CCCC(NC(=O)c2cc(Cl)cc(Cl)c2)C1,97.2
NC(=O)c1ccc(Oc2cccc3cccnc23)c([N+](=O)[O-])c1,96.17
O=c1cc(N2CCOCC2)nc(NCc2cccc(Cl)c2)[nH]1,92.95
O=c1cc(N2CCOCC2)nc(NCc2ccccc2)[nH]1,73.36
O=c1cc(N2CCOCC2)nc(NCc2cccc(Cl)c2Cl)[nH]1,97.91
O=c1cc(N2CCOCC2)nc(NCc2c(Cl)cccc2Cl)[nH]1,96.0
CC(=O)Nc1ccc2cnn(-c3cc(NC4CC4)n4ncc(C#N)c4n3)c2c1,98.09
CCOc1cc(CC(=O)N[C@@H](CC(C)C)c2ccccc2N2CCCCC2)ccc1C(=O)O,99.1
CN(C)CCC=C1c2ccccc2C=Cc2ccccc21,92.16
CC(C)N(CCCNC(=O)OCc1ccccc1)C[C@H]1O[C@@H](n2cnc3c(N)ncnc32)[C@H](O)[C@@H]1O,66.1
CCCN(CCNCCc1ccc(O)c2[nH]c(=O)sc12)C(=O)CCOCCc1ccccc1,93.94
CCN(CCNCCc1ccc(O)c2[nH]c(=O)sc12)C(=O)CCOCCc1ccccc1,94.56
CCCCN(CCNCCc1ccc(O)c2[nH]c(=O)sc12)C(=O)CCOCCc1ccccc1,94.68
CC(C)N(CCNCCc1ccc(O)c2[nH]c(=O)sc12)C(=O)CCOCCc1ccccc1,97.2
CN(C)c1nc(NC[C@H]2CC[C@H](CNS(=O)(=O)c3ccc(Br)cc3OC(F)(F)F)CC2)nc2ccccc12,99.95
COc1ccc(-c2cc(Nc3ccn(C)n3)n3ncc(C#N)c3n2)cc1,98.21
Cc1ccsc1C(=CCCN1CCC[C@@H](C(=O)O)C1)c1sccc1C,94.9
Cc1ncccc1Oc1ncnc(OC2CCN(C(=O)OC(C)C)CC2)c1C,99.21
CN(C)CCNc1cc(-c2ccncc2)nc2ccccc12,85.77
NC(=O)c1cnc(N[C@@H]2CCCC[C@@H]2N)nc1Nc1cccc(-n2nccn2)c1,91.82
C[C@H](Nc1ncc(F)c(Nc2cc(C3CC3)[nH]n2)n1)c1ccc(F)cn1,91.99
C[C@H](Nc1ncc(Cl)c(Nc2cc(C3CC3)[nH]n2)n1)c1ccc(F)cn1,96.42
CN[C@@H](C)C(=O)N[C@H](C(=O)N[C@H]1CCCN(S(=O)(=O)c2ccccc2)C1)C(C)(C)C,59.11
COc1ccc(C[C@@H](C)NC[C@H](O)c2ccc(O)c(NC=O)c2)cc1,31.87
COc1ccc(Cl)cc1NC(=O)CCS(=O)(=O)c1ccc(C)cc1,97.81
Nc1ncc2cc(-c3c(Br)cccc3Br)c(N)nc2n1,88.59
CN1CCCN(C(c2ccccc2)c2ccc(Cl)cc2)CC1,93.94
COc1c(N2C[C@@H]3CCCN[C@@H]3C2)c(F)cc2c(=O)c(C(=O)O)cn(C3CC3)c12,30.88
C[C@H](Nc1nc(Nc2cc(C3CC3)[nH]n2)cnc1C#N)c1ccc(F)cn1,95.12
O=C(NC1CC1)c1cc(-c2cccs2)on1,92.32
O=C(c1cccc(Cc2nnc(O)c3ccccc23)c1)N1CCOCC1,58.55
COc1cccc2c1c(NS(=O)(=O)c1ccc(Cl)s1)nn2Cc1cccc(CNC(=O)C(C)(C)O)c1,98.67
COc1cccc2c1c(NS(=O)(=O)c1ccc(Cl)s1)nn2Cc1cccc(CNC(C)=O)c1,99.34
COc1ccccc1CCNCc1ccc(CCNC[C@H](O)c2ccc(O)c3[nH]c(=O)sc23)cc1,95.53
CCOc1ncc(C)c2c1[C@H](c1ccc(C#N)cc1OC)C(C(N)=O)=C(C)N2,92.48
CC(C)NCC(O)COc1ccc(CCOCC2CC2)cc1,27.55
CS(=O)(=O)c1ccc(-c2nnc(/C=C/c3nnc(-c4ccc(C#N)cc4)o3)n2-c2ccccc2Cl)nc1,93.67
O=C1CN(C(=O)c2ccco2)C(c2ccccc2)c2cc(Cl)ccc2N1,89.91
CS(=O)(=O)N1CCC(NC(=O)NC23CC4CC(CC(C4)C2)C3)CC1,71.05
CCN(CC)CCNc1ncnc2c1sc1nc(N3CCOCC3)c3c(c12)CCCC3,92.16
CC(CCc1ccccc1)NCC(O)c1ccc(O)c(C(N)=O)c1,62.4
Cc1nc(-c2cccc(C(F)(F)F)c2)sc1C(=O)O,99.7
Cc1nn(-c2ccccc2)nc1C(=O)N[C@@H]1COc2cccc(N3CCN(C)CC3)c2C1,95.82
CS(=O)(=O)c1ccc(C2=C(c3ccccc3)C(=O)OC2)cc1,93.1
O=C1COc2ccccc2N1CCN1CCC(NCc2cc3c(cn2)OCCO3)CC1,74.69
COc1ccc2c(c1)N(CCN1CCC(NCc3cc4c(cn3)OCCO4)CC1)C(=O)CO2,82.39
CCOc1cc(CN2CCC(Nc3nc4cc(S(N)(=O)=O)ccc4o3)CC2)cc(OCC)c1N,70.1
CC(C)c1ccc(NC(=O)NCCCSC[C@H]2O[C@@H](n3cnc4c(N)ncnc43)[C@H](O)[C@@H]2O)cc1,92.16
Nc1ncnc2c1ncn2[C@@H]1O[C@H](CSCCCNC(=O)Nc2ccc(Cl)cc2)[C@@H](O)[C@H]1O,91.64
Nc1ncnc2c1ncn2[C@@H]1O[C@H](CSCCCNC(=O)Nc2ccccc2)[C@@H](O)[C@H]1O,81.36
O=C(O)c1cncc(-c2ccc(Cl)c(C(=O)NCC34CC5CC(CC(C5)C3)C4)c2)c1,99.01
CCCSc1nc(N)c2ncn([C@@H]3O[C@H](CO)[C@@H](O)[C@H]3O)c2n1,51.73
CC(C)(C)OC(=O)NCCCSC[C@H]1O[C@@H](n2cnc3c(N)ncnc32)[C@H](O)[C@@H]1O,76.39
CN(C(=O)Cc1ccc(S(C)(=O)=O)cc1)C1CCN(Cc2ccc(C(F)(F)F)cc2)CC1,81.01
CC(=O)Nc1cccc(OCc2cnc(Cl)s2)c1,86.85
COc1ccc(C[C@H](N)C(=O)N[C@@H](Cc2ccccc2C)C(N)=O)cc1,64.01
O=C(c1ccc(OCCN2CCCCC2)cc1)c1c(-c2ccc(O)cc2)sc2cc(O)ccc12,99.5
O=C(N[C@@H]1COc2cccc(-c3ccc(CO)nc3)c2C1)c1ccc(OCC(F)(F)F)nc1,96.26
O=C(N[C@@H]1COc2cccc(-c3ccc(CO)nc3)c2C1)c1ccc(OCCOCC(F)(F)F)nc1,95.91
O=C(NC[C@@H](O)CN1CCC(Oc2ccc(Cl)c(Cl)c2)CC1)c1c[nH]nc1C1CC1,96.87
C[C@H](CO)Nc1nc(SCc2cccc(F)c2F)nc2[nH]ncc12,96.5
O=S1(=O)CC(O)C(N2CCC(c3ccccc3)CC2)C1,43.14
CCc1nc(N)nc(N)c1-c1ccc(Cl)cc1,92.64
COc1ccnc(CCc2nc3cc(Br)cnc3[nH]2)c1,95.91
COc1ccnc(CCc2nc3c(C)ccnc3[nH]2)c1,80.29
Cc1nn(C2CCOCC2)c(NS(=O)(=O)c2ccc(C3CC3)cc2)c1C(=O)N[C@@H](C)C(C)(C)C,92.64
COc1cccc(CNc2nc(NC(C)C)nc3ccsc23)c1OC,99.73
CC(C)Nc1nc(NCc2ccccc2)c2sccc2n1,99.71
COCCNc1nc(NCc2ccccc2F)c2sccc2n1,97.2
Cn1cc[nH]c1=S,18.99
CCC(CC)[C@@H](CO)NS(=O)(=O)c1ccc(Cl)s1,92.16
O=S(=O)(N[C@H](CO)C(C(F)(F)F)C(F)(F)F)c1ccc(Cl)s1,90.91
Cc1csc(N)c1C(N)=O,67.63
Cc1ccc(-n2nc(C(C)(C)C)cc2NC(=O)Nc2ccc(OCCN3CCOCC3)c3ccccc23)cc1,99.66
CC(=O)Nc1ccc2c(c1)N(c1cc(NC3CC3)n3ncc(C#N)c3n1)CCO2,92.48
CCc1nc2cc(O)ccc2c(Oc2ccc(/C=C/C(=O)O)cc2)c1-c1ccccc1,99.44
CN1CCN(CCOc2n[nH]c3ncnc(Nc4ccc(OCc5ccccn5)c(Cl)c4)c23)CC1,88.35
Cc1nccn1-c1ccc(COc2cc(F)cc(C3(C(N)=O)CCOCC3)c2)cc1,89.91
COc1cccc(CNCc2cccc(CCNC[C@H](O)c3ccc(O)c4[nH]c(=O)sc34)c2)c1,86.32
CCNC(=O)[C@H]1O[C@@H](n2cnc3c(N)nc(NCCc4ccc(CCC(=O)O)cc4)nc32)[C@H](O)[C@@H]1O,57.99
Cc1noc(NS(=O)(=O)c2ccc(N)cc2)c1C,91.28
c1ccc(-c2[nH]nc3ccccc23)cc1,96.93
O=C(NCC12CC3CC(CC(C3)C1)C2)c1cc(CN2C[C@@H]3C[C@H]2CN3)ccc1Cl,90.32
CC#Cc1ccnc(-c2cc(C3(C4CC4)N=C(C)C(N)=N3)ccc2O)c1,99.4
O=C1COc2ccc(CNC3CCN(CCN4C(=O)COc5ccc(-c6ccco6)cc54)CC3)nc2N1,99.4
CC(C)Cc1nn(C)c(=O)c2c(SCCCO)n(Cc3cccc4ccccc34)cc12,99.73
CC#Cc1cncc(-c2ccc3c(c2)C2(N=C(C)C(N)=N2)[C@]2(CC[C@H](OC)CC2)C3)c1,91.99
CO[C@H]1CC[C@]2(CC1)Cc1ccc(-c3cncc(Br)c3)cc1C21N=C(C)C(N)=N1,86.05
CCC#Cc1cncc(-c2ccc3c(c2)C2(N=C(C)C(N)=N2)[C@]2(CC[C@H](OC)CC2)C3)c1,96.17
C[C@H]1C[C@@H]2[C@H]([C@@H](O)C[C@@]3(C)[C@H]2CC[C@]3(O)C(=O)CO)[C@@]2(C)C=CC(=O)C=C12,79.92
CCC(=O)O[C@]1(C(=O)SCF)[C@H](C)C[C@H]2[C@@H]3C[C@H](F)C4=CC(=O)C=C[C@]4(C)[C@@]3(F)[C@@H](O)C[C@@]21C,98.09
C[C@@H]1C[C@H]2[C@@H]3CCC4=CC(=O)C=C[C@]4(C)[C@@]3(F)[C@@H](O)C[C@]2(C)[C@@]1(O)C(=O)CO,71.53
CN[C@@H](C)C(=O)N[C@H](C(=O)N[C@H]1CCCN(Cc2ccccc2)C1)C1CCCCC1,63.47
CN(C)c1nc(Cc2ccc(NC(=O)c3ccc(C(F)(F)F)cc3)cc2)nc(N(C)C)c1CC(=O)O,99.61
NC1=NC(c2cccc(-c3cncnc3)c2)(c2ccnc(C(F)(F)F)c2)c2cccc(F)c21,95.43
COc1cc(C2(c3cccc(-c4cncnc4)c3)N=C(N)c3c(F)cccc32)ccn1,95.33
NC1=NC(c2ccnc(C(F)(F)F)c2)(c2ccc(F)c(-c3cncnc3)c2)c2cccc(F)c21,97.07
O=c1cc(-c2cccnc2)[nH]c2cc(Cc3ccccc3)ccc12,99.49
O=c1cc(-c2cccnc2)[nH]c2cc(C(O)c3ccccc3)ccc12,97.32
O=C(Nc1ccc(Cl)nc1)c1ccc(F)c(F)c1,90.72
CSCCC(NC(=O)c1cnccn1)c1nc2ccccc2[nH]1,60.22
O=C(NO)C1(CS(=O)(=O)c2ccc(Oc3ccc(Cl)cc3)cc2)CCOCC1,98.0
Cn1c(C#N)ccc1-c1ccc2c(c1)C(C)(C)OC(=S)N2,98.21
O=c1[nH]c2cc(C(F)(F)F)ccc2n1-c1cc(C(F)(F)F)ccc1O,99.87
COc1cccc(C(=O)NCCN2CCC(Oc3ccc(Cl)c(Cl)c3)CC2)c1,99.92
O=C(NCC1(O)CCCCCC1)c1cc(-c2ccccc2C(=O)O)ccc1Cl,91.1
N#Cc1ccc(NC(=O)Nc2ccccc2Br)c2nn[nH]c12,99.58
Cc1c(CN(C)C(=O)/C=C/c2cnc3c(c2)CCC(=O)N3)oc2ccccc12,94.56
COc1cc(N2CCC(N3CCN(C)CC3)CC2)ccc1Nc1ncc(Cl)c(Nc2ccccc2S(=O)(=O)C(C)C)n1,96.72
CN1CCN2c3ccccc3CC3(C(=O)N(C)C(=O)N(C)C3=O)C2C1,96.5
O=C1CCc2cc(-c3cncc4ccccc34)ccc2N1,96.42
O=C(NCC1CCCCN1)c1cc(OCC(F)(F)F)ccc1OCC(F)(F)F,38.14
COc1ccc([C@@H]2Sc3ccccc3N(CCN(C)C)C(=O)[C@@H]2OC(C)=O)cc1,75.97
COc1ccc(C2Sc3ccccc3N(CCN(C)C)C(=O)C2OC(C)=O)cc1,35.46
O=C(CO)NC1CCN(Cc2ccc(Oc3nc4ccccc4s3)cc2)CC1,96.17
CNCCCC12CCC(c3ccccc31)c1ccccc12,87.37
CCC1(CCC(C)C)C(=O)N=C(O)NC1=O,60.77
O=C(Nc1c(Cl)cncc1Cl)c1ccc(OC(F)F)c(OCC2CC2)c1,99.5
C[C@H]1CN=C(N)c2sccc2O1,51.15
Cc1ccc(-c2cn(C)cn2)cc1NC(=O)c1ccc(OCc2ccccn2)cc1,90.52
Cc1ccc(-c2c[nH]cn2)cc1NC(=O)c1ccc(OCc2ccccn2)cc1,94.9
Cc1ccc(-c2cn(C)c(C)n2)cc1NC(=O)c1ccc(OCc2ccccn2)cc1,94.44
Cc1nc(-c2ccc(C)c(NC(=O)c3ccc(OCc4ccccn4)cc3)c2)c[nH]1,96.79
CC(=O)Nc1cnc2ccn(-c3cc(NC4CC4)n4ncc(C#N)c4n3)c2c1,97.49
O=C1C(CC[S+]([O-])c2ccccc2)C(=O)N(c2ccccc2)N1c1ccccc1,99.31
C[N+]1(C)CCC(OC(=O)C(O)(c2ccccc2)C2CCCC2)C1,28.95
CC(C(=O)O[C@@H]1CC[N+](C)(C)C1)(c1ccccc1)C1CCCC1,77.21
O=C(Nc1ccccc1F)NC1N=C(c2ccccc2)c2ccccc2NC1=O,97.38
O=C(Nc1ccccc1F)N[C@H]1N=C(c2ccccc2)c2ccccc2NC1=O,96.34
CC(C)(N)C(=O)N[C@H](COCc1ccc(F)cc1F)C(=O)N1CCC2=NN(CC(F)(F)F)C(=O)[C@]2(Cc2ccccn2)C1,74.69
Cc1ccc(S(=O)(=O)Nc2c(C(=O)N[C@@H](C)C(C)(C)C)c(C)nn2C2CCOC2)cc1,92.64
Cc1cc(-c2ccc(Cl)c(C(=O)NCC3(O)CCCCCC3)c2)nn1C[C@H](O)CN,69.61
O=C(O)COc1ccc(Cl)cc1CN1CCCN(S(=O)(=O)Cc2ccccc2)CC1,84.3
CC(C)Cn1c(=O)n(C)c(=O)c2c(C(=O)N3C[C@H](O)CO3)c(Cc3c[nH]c4ncccc34)sc21,75.55
CC(NC(=O)c1cc(O)nc2ccccc12)c1ccccc1,64.01
CN[C@@H](C)C(=O)N[C@H](C(=O)N1CC[C@H]2CC[C@H](NC(=O)c3cccc4ccccc34)[C@H]21)C(C)(C)C,98.4
Cc1nc(C(=O)N2CCOC3(CCN(Cc4ccc(Cl)cc4)CC3)C2)cs1,56.86
O=C(Cn1c(Cl)cnc(NCC(F)(F)c2ccccn2)c1=O)NCc1ncccc1F,71.99
Cc1ccc(-c2ccncc2)cc1NC(=O)c1ccc(OCc2ccccn2)cc1,98.21
O=C(CSc1nc2c(c(=O)n1-c1ccccc1)SCC2)Nc1ncc(-c2ccccc2)s1,99.77
Cc1cc(Nc2nc(N[C@@H](C)c3ncc(F)cn3)nc(N3CCOCC3)c2Cl)n[nH]1,77.21
COc1cc(Nc2cc(N3CCOCC3)nc(N[C@@H](C)c3ncc(F)cn3)n2)n[nH]1,72.45
Cc1cc(Nc2cc(N3CCOCC3)nc(N[C@@H](C)c3ncc(F)cn3)n2)n[nH]1,45.98
Cc1cc(Nc2nc(N[C@@H](C)c3ncc(F)cn3)nc(N3CCOCC3)c2F)n[nH]1,91.64
COc1cc(Nc2nc(N[C@@H](C)c3ncc(F)cn3)nc(N3CCOCC3)c2Cl)n[nH]1,92.16
COc1cc(Nc2nc(N[C@@H](C)c3ncc(F)cn3)nc(N3CCOCC3)c2F)n[nH]1,74.69
C[C@H](Cc1cccc(CC(=O)NC23CC4CC(CC(C4)C2)C3)c1)NC[C@H](O)c1ccc(O)c(CO)c1,89.91
CN[C@H]1CC[C@@H](c2ccc(Cl)c(Cl)c2)c2ccccc21,98.54
CC(=O)Nc1ccc(Nc2cc(C)nc3c(-c4ccccc4)cnn23)cc1,99.58
COc1ccc(C2CNC(=O)C2)cc1OC1CCCC1,82.72
Cc1cc(CCCOc2c(Cl)cc(C3=NCCO3)cc2Cl)on1,99.66
O=C(CCS(=O)(=O)c1ccc(Br)cc1)NCCc1ccccc1,96.0
C[C@@H](NC(=O)C1CCNCC1)c1ccc(Nc2ncc3cc(-c4ccncc4)ccc3n2)cc1,95.23
N#CCNC(=O)c1ccc(-c2ccnc(Nc3ccc(N4CCOCC4)cc3)n2)cc1,89.7
CC(=O)Nc1ccc(-c2ccnc(Nc3ccc(N4CCOCC4)cc3)n2)cc1,93.24
Cc1nn(C2CCCCC2)c(N)c1-c1ccccc1,95.53
CC(=O)Nc1ccc(CNc2[nH]nc3ccnc(Oc4ccccc4)c23)cc1,89.91
O=C(NCc1ccc(OC(F)(F)F)cc1)C1c2ccccc2C(=O)N1C1CCOCC1,90.52
CN[C@@H](C)C(=O)N[C@H](C(=O)N[C@H]1CCCCN(Cc2ccccc2)C1)C1CCCCC1,80.29
COc1cccc2c1c(NS(=O)(=O)c1ccc(Cl)s1)nn2Cc1cccc(CNC(=O)[C@@H]2COCCN2)c1,98.4
COc1cccc2c1c(NS(=O)(=O)c1ccc(Cl)s1)nn2Cc1cccc(CNC(=O)[C@H]2COCCN2)c1,98.44
O=C(C1CCN(c2nnc(-n3cccc3)s2)CC1)N1CCN(Cc2ccc3c(c2)OCO3)CC1,95.53
COc1cnc(-c2ccccn2)nc1N1CCCCC1,95.12
O=S(=O)(c1ccccc1)N(CC(F)(F)F)c1ccc(C(O)(C(F)(F)F)C(F)(F)F)cc1,99.56
CN(c1ccccc1)S(=O)(=O)c1ccc(NC(=O)C(C)(O)C(F)(F)F)cc1,97.71
COc1cc(OC)c(S(=O)(=O)N(c2ccccc2)C(C)C)cc1NC(C)=O,99.5
CN(C)CCOc1cc(NS(=O)(=O)c2c(Cl)cc(C(F)(F)F)cc2Cl)ccc1Cl,99.71
COc1cc(OC)c(S(=O)(=O)N(C)c2ccccc2)cc1NC(C)=O,82.05
CN[C@@H](C)C(=O)N[C@H](C(=O)N[C@H]1CCN(CCc2ccccc2)C1)C1CCCCC1,55.73
O=C(NCC12CC3CC(CC(C3)C1)C2)c1cc(CC2CCNCC2)ccc1Cl,91.28
O=C(NCc1ccc(OC(F)(F)F)cc1)C1c2ccccc2C(=O)N1C1CCC(F)(F)CC1,98.0
CNc1nc(C)c(-c2nc(Nc3cccc(N4CCCN(C(C)=O)CC4)c3)ncc2C#N)s1,98.21
CNc1nc(C)c(-c2nc(Nc3cccc(N4CCCNCC4)c3)ncc2C#N)s1,88.59
CN1CCN(C2=Nc3ccccc3Nc3ccc(OS(=O)(=O)C(F)(F)F)cc32)CC1,96.42
CN1CCN(C2=Nc3cc(Cl)ccc3Nc3ccccc32)CC1,94.79
C[C@@](C(=O)O[C@H]1C[N+]2(Cc3nc(-c4ccccc4)no3)CCC1CC2)(c1ccccc1)N1CCCCC1,97.66
Cc1nccn1-c1sc(Nc2cnccn2)nc1-c1cccc(C#N)c1,95.63
Cc1c(F)cc(C(=O)NC2CC2)cc1-c1ccc(C(=O)NCC(C)(C)C)cn1,88.11
C[C@@](C(=O)O[C@H]1C[N+]2(CCCOc3ccc(F)cc3)CCC1CC2)(c1ccccc1)N1CCCCC1,96.87
Nc1nc2ccc(OC(F)(F)F)cc2s1,97.13
Nc1nc2ccc(F)cc2s1,84.0
O=C(c1c[nH]c(=O)c2ccccc12)N1CCC(N2CCC(Oc3ccc(Cl)c(Cl)c3)CC2)CC1,91.1
Nc1nc2nc(-c3cccs3)cc(C(F)(F)F)n2n1,79.92
Nc1nc2ccc(-c3ccncc3)cc2s1,88.11
CCCCc1nc(Cl)c(C(=O)O)n1Cc1ccc(-c2ccccc2-c2nn[nH]n2)cc1,99.51
CCN(C(=O)c1ccc(-c2ccc(Cl)cc2)o1)c1ccc(N2CCNCC2)cc1,95.82
O=C(Nc1ccc(N2CCNCC2)cc1)c1ccc(-c2ccc(Cl)cc2)o1,97.32
CON(C)C(=O)c1c(Cn2c(C)nc(Cl)c2Cl)sc2c1c(=O)n(C)c(=O)n2CC(C)C,64.01
O=C(CC12CC3CC(CC(C3)C1)C2)Nc1cccc2nc(NCCNCCO)ccc12,95.43
O=C(O)c1cn(C2CC2)c2cc(N3CCNCC3)c(F)cc2c1=O,34.42
COc1ccc(CCN2C(=O)N(NS(C)(=O)=O)C[C@H]2c2ccc(OC)cc2)cc1,93.67
COc1ccc(CCN2C(=O)N(NS(C)(=O)=O)C[C@@H]2c2ccc(OC)cc2)cc1,95.23
CN(C)C(=O)C(CCN1CCC(O)(c2ccc(Cl)cc2)CC1)(c1ccccc1)c1ccccc1,92.64
O=C1COc2nccc(-c3ccccc3F)c2CN1Cc1cc(C(F)(F)F)cc(C(F)(F)F)c1,99.37
O=P(c1ccccc1)(c1ccccc1)N(Cc1ccccn1)c1cccnc1,97.66
CC1=C(C(=O)OCc2ccccc2)C(c2cccs2)NC(=O)N1,97.32
O=C1CC2(CCCC2)CC(=O)N1CCCCN1CCN(c2ncccn2)CC1,77.62
Cn1c(-c2cc(=O)c(O)c[nH]2)nn(S(=O)(=O)NC(=O)N2C[C@H](NC(=O)/C(=N\OC(C)(C)C(=O)O)c3csc(N)n3)C2=O)c1=O,95.53
CC1CN2c3ccc([N+](=O)[O-])cc3CC3(C(=O)N(C)C(=O)N(C)C3=O)C2C(C)O1,81.36
O=C1NC(c2ccc(Br)cc2)Nc2ccccc21,94.9
CC1(C)[C@H](NC(=O)/C(=N\OCc2cc(=O)c(O)cn2O)c2csc(N)n2)C(=O)N1OS(=O)(=O)O,69.12
CC(C)(Cc1cccc(CC(=O)NCc2cccc(-c3ccc(O)cc3)c2)c1)NC[C@H](O)c1ccc(O)c(NS(C)(=O)=O)c1,99.47
Cc1cc(Nc2nc(O[C@@H](C)c3ncc(F)cn3)ncc2Cl)n[nH]1,75.12
O=C(O)/C=C/c1cccc(-c2cnc3[nH]ccc3c2)c1,97.81
COc1cc2nc(N3CCN(C(=O)C4CCCO4)CC3)nc(N)c2cc1OC,79.55
Cn1c(=O)c(-c2c(Cl)cccc2Cl)cc2cnc(Nc3ccc(F)cc3)nc21,99.6
N#Cc1ccc(C(c2ccc(C#N)cc2)n2cncn2)cc1,51.73
O=C(NCC12CC3CC(CC(C3)C1)C2)c1cc(C(=O)N2CC3CNCC(C2)O3)ccc1Cl,69.12
O=C(Cc1cccs1)Nc1ccon1,43.7
O=c1cc(N2CCOCC2)nc2n(Cc3cccc4ccccc34)ccn12,96.93
Nc1ncnc2nc(-c3ccc(N4CCOCC4)nc3)cc(-c3cccc(Br)c3)c12,96.57
CC1(CCCc2cc(=O)oc3[nH]c(=O)[nH]c(=O)c23)CC1,98.51
Cc1ccc(S(=O)(=O)Nc2ccc3nc(C)sc3c2)cc1,99.79
Cc1nc2ccc(NS(=O)(=O)c3ccc(C)c(C)c3)cc2s1,99.9
Cc1ncc(C(N)=O)nc1-c1ccc([C@H]2CC[C@H](CC(=O)O)CC2)cc1,94.32
Cc1nc(C(F)F)c(C(N)=O)nc1-c1ccc([C@H]2CC[C@H](CC(=O)O)CC2)cc1,94.56
Cc1nc(C(C)C)c(C(N)=O)nc1-c1ccc([C@H]2CC[C@H](CC(=O)O)CC2)cc1,97.38
Cc1nc(C)c(-c2ccc([C@H]3CC[C@H](CC(N)=O)CC3)cc2)nc1C(N)=O,87.11
Cc1ncc(C(N)=S)nc1-c1ccc([C@H]2CC[C@H](CC(=O)O)CC2)cc1,97.2
Cc1nc(C)c(-c2ccc([C@H]3CC[C@H](CCO)CC3)cc2)nc1C(N)=O,97.0
Cc1nc(C)c(-c2ccc([C@H]3CC[C@H](CC(=O)NS(C)(=O)=O)CC3)cc2)nc1C(N)=O,89.05
Cc1nc(C)c(-c2ccc([C@H]3CC[C@H](CC(=O)NC(C)(C)C(=O)O)CC3)cc2)nc1C(N)=O,92.16
NC(=O)c1cncc(-c2ccc([C@H]3CC[C@H](CC(=O)O)CC3)cc2)n1,96.5
NC(=O)c1cncc(-c2ccc([C@H]3CC[C@H](CCO)CC3)cc2)n1,97.2
Cc1nc(C(C)C)c(-c2ccc([C@H]3CC[C@H](CC(=O)O)CC3)cc2)nc1C(N)=O,97.81
Cc1ccc(S(=O)(=O)N2N=Cc3ccccc3B2O)cc1,91.64
CC(=O)N1CCN(c2ccc(OCC3COC(Cn4ccnc4)(c4ccc(Cl)cc4Cl)O3)cc2)CC1,97.2
Cc1ccccc1-n1c(Cn2nc(-c3ccc(O)c(F)c3)c3c(N)ncnc32)nc2cccc(C)c2c1=O,98.0
Cc1[nH]c2ccc(-c3nnc(SCC(=O)N4CCCc5ccccc54)o3)cc2c1C,99.48
CCOc1ccc(-n2c([C@@H](C)N(Cc3cccnc3)C(=O)Cc3ccc(OC(F)(F)F)cc3)nc3ncccc3c2=O)cc1,95.23
CCN(C(=O)NCc1ccc(S(C)(=O)=O)cc1)C1CCN(CCC(c2ccccc2)c2ccccc2)CC1,67.12
CC(C)Oc1cc(Nc2nc(N[C@@H](C)c3ccc(F)cc3)nc(NC(CO)CO)c2Cl)n[nH]1,96.42
Cc1cc(Nc2nc(N[C@@H](C)c3ccc(F)cc3)ncc2Cl)n[nH]1,99.1
Cc1ccc(S(=O)(=O)Nc2c(C(=O)N[C@@H](C)C(C)(C)C)c(C)nn2C2CCCC2)cc1,97.86
CCNC(=O)Nc1nc2cc(-c3cccnc3)ccc2[nH]1,98.21
COc1ccc2c(c1)c(CC(=O)O)c(C)n2-c1ccnc2cc(Cl)ccc12,99.01
CCn1cc([C@]2(c3cccc(NC(=O)c4ccc(Cl)cn4)c3)N=C(N)c3c(F)cccc32)cc(C)c1=O,98.29
CCNC(=O)c1cc2c(-n3ccc(C(F)(F)F)n3)c(-c3cncc(C(N)=O)c3)cnc2[nH]1,64.01
CCNC(=O)c1cc2c(-n3ccc(C(F)(F)F)n3)c(-c3cncc(C#N)c3)cnc2[nH]1,91.1
CCNC(=O)c1cc2c(-n3ccc(C(F)(F)F)n3)c(-c3cncc(C(=O)O)c3)cnc2[nH]1,88.35
CC(C)NC(=O)c1cc2c(-n3ccc(C(F)(F)F)n3)c(-c3cncc(C(=O)O)c3)cnc2[nH]1,77.21
CCNC(=O)c1cc2c(-n3ccc(C(F)(F)F)n3)c(-c3cncc(C(=O)NC)c3)cnc2[nH]1,85.19
CCCNC(=O)c1cc2c(-n3ccc(C(F)(F)F)n3)c(-c3cncc(C(=O)O)c3)cnc2[nH]1,92.32
CCNC(=O)c1cc2c(-n3nc(C(F)(F)F)cc3C)c(-c3cncc(C(=O)O)c3)cnc2[nH]1,54.59
Oc1nc(-c2ccccc2)nc2ccccc12,98.81
COc1cccc2c(O)nc(-c3ccc(C(F)(F)F)cc3)nc12,94.56
Cc1ncc(-c2nc(Nc3ccc(C(=O)N4CC[C@H](N(C)C)C4)cc3)ncc2F)n1C(C)C,74.25
CC(C)(C)Oc1ccc(C(=O)Nc2ccc3sc(CO)nc3c2)cc1,94.9
Cc1ccc(-c2ccccn2)cc1NC(=O)c1ccc(OCc2ccccn2)cc1,98.89
OC(Cn1cncn1)(Cn1cncn1)c1ccc(F)cc1F,14.23
NC(=O)N1c2ccccc2C=Cc2ccccc21,70.58
Cn1ncc2c(=O)[nH]c(-c3ccccc3)nc21,93.24
N#Cc1ccc(C(=O)N2CCC3(CC2)N=C(N)c2c(F)ccc(F)c2N3)cc1,71.53
CC(=O)NC1CC2CCCC(C1)N2C(=O)Nc1ccc(Cl)c(C(F)(F)F)c1,97.91
CC(=O)CC(c1ccccc1)c1c(O)c2ccccc2oc1=O,99.31
O=C(O)c1ccc(-c2ccc(Cl)c(C(=O)NCC34CC5CC(CC(C5)C3)C4)c2)cc1,99.23
Cc1ccc(NC(=O)[C@H]2CCCN2S(=O)(=O)c2cccc3cccnc23)c(C)c1,97.86
Cc1ccc(NC(=O)[C@@H]2CCCN2S(=O)(=O)c2cccc3cccnc23)c(C)c1,97.76
Cc1ccc(S(=O)(=O)Nc2c(C(=O)N(C)C3CCCCC3)cnn2-c2ccccc2)cc1,98.29
Cc1ccc(S(=O)(=O)Nc2c(C(=O)NC3CCCCC3)c(C)nn2-c2ccccc2)cc1,99.86
Cc1ccc(S(=O)(=O)Nc2c(C(=O)NC3CCCCC3C)c(C)nn2-c2ccccc2)cc1,99.34
CC(C)NC[C@H](O)COc1cccc2ccccc12,86.05
CC(C)NC[C@@H](O)COc1cccc2ccccc12,82.39
COc1ccc2cc(C(C)C(=O)O)ccc2c1,99.7
C[S+]([O-])Cc1ccc(C(=O)Nc2ccc(OCCOCCO)nc2C(=O)NCC2CCC2)c2ccccc12,95.01
C[S+]([O-])Cc1ccc(C(=O)Nc2cccnc2C(=O)NCC2CCC2)c2ccccc12,98.7
Cc1cc(C)cc(-c2nnc(SCC(=O)N3CCN(C(=O)c4ccco4)CC3)o2)c1,96.79
O=C(CCCN1CC[Si](O)(c2cccc(C(F)(F)F)c2)CC1)c1ccc(F)cc1,95.91
O=C(CCCN1CC[Si](O)(c2ccc(Cl)cc2)CC1)c1ccc(F)cc1,94.56
CC#Cc1cncc(-c2csc([C@]3(C)CC(=O)N(C)C(=N)N3)c2)c1,88.11
CCNC(=O)[C@H]1O[C@@H](n2cnc3c(NCC(c4ccccc4)c4ccccc4)nc(C(=O)NCCNC(=O)NC4CCN(c5ccccn5)CC4)nc32)[C@H](O)[C@@H]1O,99.1
CC(C)(C)NC(=O)[C@@H]1C[C@@H]2CCCC[C@@H]2CN1C[C@@H](O)[C@H](Cc1ccccc1)NC(=O)[C@H](CC(N)=O)NC(=O)c1ccc2ccccc2n1,98.86
CCOC(=O)C1=C(C)NC2=C(C(=O)CC(C)(C)C2)C1c1ccc(-c2ccccc2)cc1,99.83
COc1cc(OC2CCN(C)CC2)c2c(Nc3cccc4c3OCO4)ncnc2c1,97.91
COc1ccc(N(C(=O)Oc2c(C)cccc2C)c2ccnc(Nc3ccc(N4CCN(C)CC4)cc3)n2)c(OC)c1,99.83
O=C(CC1CCN(Cc2ccn(-c3ccc(C(F)(F)F)cn3)c2)CC1)NC(c1ccc(F)cc1)c1ccc(F)cc1,99.47
O=C(NCc1ccc(OC(F)(F)F)cc1)C1c2ccccc2C(=O)N1CCc1ccccn1,96.42
CC(Cc1ccccn1)N1C(=O)c2ccccc2C1C(=O)NCc1ccc(OC(F)(F)F)cc1,98.89
Cc1ncsc1C(=O)N(Cc1cc(=O)[nH]c2c(F)cccc12)c1cccc(Cl)c1,97.91
Cc1c(CC(=O)O)c2cc(F)ccc2n1S(=O)(=O)c1ccc(S(C)(=O)=O)cc1,92.32
NC(=O)[C@H](Cc1ccccc1)NC(=O)OCc1ccccc1,81.01
Cn1cnc([N+](=O)[O-])c1Sc1ncnc2nc[nH]c12,67.63
O=C1Nc2cc(C(F)(F)F)ccc2C1(O)c1cc(Cl)ccc1O,98.51
CCN(CC)CCN1C(=O)[C@@](O)(c2ccccc2Cl)c2c1cc(C(N)=O)cc2C(F)(F)F,71.05
COc1ccc(Cl)cc1C1(F)C(=O)Nc2cc(C(F)(F)F)ccc21,99.83
Cc1ccc(S(=O)(=O)NCCSc2nnnn2-c2ccc(C(N)=O)cc2)cc1,89.91
CCN1CCN(C(=O)N[C@@H](C(=O)N[C@@H]2C(=O)N3C(C(=O)O)=C(CSc4nnnn4C)CS[C@H]23)c2ccc(O)cc2)C(=O)C1=O,90.12
Cc1onc(-c2c(Cl)cccc2Cl)c1NC(=O)OCc1c(F)cccc1Cl,99.8
CN[C@@H](C)C(=O)N[C@H](C(=O)N1CC[C@H]2CCN(CCc3ccccc3)C[C@H]21)C1CCCCC1,94.32
Cc1cccc(C(N)=O)c1NC(=O)c1ccccc1,55.16
C[C@@](C(=O)O[C@H]1C[N+]2(CCCc3cncnc3)CCC1CC2)(c1ccccc1)N1CCCCC1,22.38
CCCCNc1cc(C(=O)O)cc(S(N)(=O)=O)c1Oc1ccccc1,98.44
O=C(Cc1ccc(Oc2ccccc2)cc1)NO,98.0
C=CC(=O)N1CCC[C@@H](n2nc(-c3ccc(Oc4ccccc4)cc3)c3c(N)ncnc32)C1,96.57
CCOc1cccc(/C=C2\SC(=O)NC2=O)c1N1CCC[C@@H](N)C1,94.79
COc1cccc(/C=C2\SC(=O)NC2=O)c1N1CCC[C@@H](N)C1,91.64
N[C@@H]1CCCN(c2c(Cl)cccc2/C=C2\SC(=O)NC2=O)C1,97.76
CC(C)COc1cccc(/C=C2\SC(=O)NC2=O)c1N1CCC[C@@H](N)C1,98.81
Cc1ccc(S(=O)(=O)Nc2c(C(=O)N[C@@H](C)C(C)(C)C)c(C)nn2C2CCOCC2)cc1,79.17
O=C(CC1CCN(Cc2ccn(-c3ccc(C(F)(F)F)cc3)c2)CC1)NC(c1ccncc1)c1ccc(Cl)cc1,98.7
O=C1NC(=O)/C(=C/c2cccc(Cl)c2N2CCNCC2)S1,92.16
CN(C)CCN1CCN(c2cc(C(=O)NC[C@H]3CC[C@H](CNC(=O)OC(C)(C)C)CC3)c3ccccc3n2)CC1,93.94
Cc1cc(Oc2ncc(C(F)(F)F)cc2Cl)ccc1CC1SC(=O)NC1=O,99.94
COc1ccc(CCN(C)CCCC(C#N)(c2ccc(OC)c(OC)c2)C(C)C)cc1OC,89.27
O=C(CN1CCCCCC1)N1c2ccccc2Sc2ccccc21,97.07
Cc1ccc(NC(=O)c2ccc(C#N)cc2)cc1-n1cnc2ccc(N3CCN(C)CC3)cc2c1=O,68.13
C[C@H](Nc1nc(Nc2ncc(C#N)s2)cc(N2CCOCC2)n1)c1ccc(F)cn1,94.06
Cc1cnc(Nc2cc(N3CCOCC3)nc(N[C@@H](C)c3ccc(F)cn3)n2)s1,97.38
CC(=O)S[C@@H]1CC2=CC(=O)CC[C@]2(C)C2CC[C@@]3(C)C(CC[C@@]34CCC(=O)O4)C21,75.97
CN(C)CCCC1(c2ccc(F)cc2)OCc2cc(C#N)ccc21,59.66
COCCC#Cc1cccc(C2(c3ccc(OC(F)F)cc3)N=C(N)N3CC(F)(F)CN=C32)c1,97.71
COCC#Cc1cccc(C2(c3ccc(OC(F)F)cc3)N=C(N)N3CC(F)(F)CN=C32)c1,98.89
Cc1nocc1C(=O)Nc1ccc(-c2ccccc2OC(F)(F)F)c(N)n1,98.4
CCOC(=O)C(CCc1ccccc1)NC1CCc2ccccc2N(CC(=O)O)C1=O,95.91
CC(C)Cn1c(=O)n(C)c(=O)c2c(C(=O)N3CC[C@@H](O)C3)c(Oc3cccc4ccccc34)sc21,99.28
O=C(CO)N1CCC(c2[nH]nc(-c3ccc(Cl)cc3F)c2-c2ccncn2)CC1,74.69
COc1cnc(-c2ccccn2)nc1NC1CCCC1,93.94
O=C(COc1ccccc1Cl)c1ccc[nH]1,93.24
CCOc1ccccc1C(=O)NCc1ccco1,95.82
C[C@H](Nc1ccc2ncn(-c3cc(C4CC4)[nH]n3)c2n1)c1ncc(F)cn1,78.79
O=C(O)CNCCNc1ccc(Cl)c(C(=O)NCC23CC4CC(CC(C4)C2)C3)c1,92.8
OC[C@H](Nc1ncc(Cl)c(Nc2cc(C3CC3)[nH]n2)n1)c1ccc(F)cc1,95.63
COc1cc(OC)c(S(=O)(=O)N2c3ccccc3CCC2C)cc1NC(C)=O,97.2
COc1cc(O)c(S(=O)(=O)N2c3ccccc3CCC2C)cc1NC(=O)CCC(=O)O,95.63
COc1cc(OC)c(S(=O)(=O)N2c3ccccc3CCC2C)cc1NC(=O)CCC(=O)O,81.36
COc1cc(OC)c(S(=O)(=O)N2c3ccccc3CCC2C)cc1NC(=O)CSCC(=O)O,87.37
COc1cc(OC)c(S(=O)(=O)N2c3ccccc3CCC2C)cc1NC(=O)COCC(=O)O,73.36
COc1cc(OC)c(S(=O)(=O)N2c3ccccc3CCC2C)cc1NC(=O)NCC(=O)O,71.99
COc1cc(OC)c(S(=O)(=O)N2c3ccccc3CCC2C)cc1NC(=S)NCC(=O)O,69.12
COc1c2occc2cc2ccc(=O)oc12,92.32
OCCO[C@H]1C[C@@H](n2nnc3c(N[C@@H]4C[C@H]4c4ccc(F)c(F)c4)nc(SCCC(F)(F)F)nc32)[C@H](O)[C@@H]1O,99.85
OC[C@H]1C[C@@H](n2nnc3c(N[C@@H]4C[C@H]4c4ccc(F)c(F)c4)nc(SCCC(F)(F)F)nc32)[C@H](O)[C@@H]1O,99.85
CCCSc1nc(N[C@@H]2C[C@H]2c2ccccc2)c2nnn([C@@H]3C[C@H](CO)[C@@H](O)[C@H]3O)c2n1,99.23
CCCC[C@H](NC[C@@H]1Cc2cccc(c2)CCCCc2cc(cc(N(CCC)S(C)(=O)=O)c2)C(=O)N1)C(=O)NCC(C)C,99.6
C[C@H](NC(=O)c1cccc2c1N(Cc1ccc(Cl)cc1)CC2)c1ccc(C(=O)O)cc1,98.67
O=c1[nH]c([C@@H]2CCCN2)nc2c1oc1ccc(Br)cc12,94.9
O=c1[nH]c([C@@H]2CCCN2)nc2c1oc1ccc(Cl)cc12,92.8
N#Cc1cnn2c(NC3CC3)cc(-n3ccc4ccc(CO)cc43)nc12,98.09
CC(=O)Nc1ccc2ccn(-c3cc(NC4CC4)n4ncc(C#N)c4n3)c2c1,98.61
CC(=O)N(C)c1ccc2ccn(-c3cc(NC4CC4)n4ncc(C#N)c4n3)c2c1,97.49
CC(=O)Nc1cc2c(ccn2-c2cc(NC3CC3)n3ncc(C#N)c3n2)cc1C,97.91
CS(=O)(=O)Cc1ccc2ccn(-c3cc(NC4CC4)n4ncc(C#N)c4n3)c2c1,98.21
O=C(/C=C/c1ccccc1Cl)Nc1ccc2c(c1)C(=O)NC2=O,90.52
O=C(NCc1ccc(OCC(F)(F)F)nc1)C1c2ccccc2C(=O)N1CCc1ccccn1,90.72
O=C(Nc1ccc(Cl)c(Cl)c1)Nc1ccccc1C(=O)O,47.7
O=C(Nc1ccc([N+](=O)[O-])cc1O)Nc1ccccc1Br,99.73
COc1ccc([C@]2(O)CC[C@H](N3CC[C@@H](NC(=O)CNC(=O)c4cccc(C(F)(F)F)c4)C3)CC2)cn1,78.79
CC(C)(C)NC(=O)NCCN1CCC(CNC(=O)c2cc(Cl)cc(Cl)c2)C1,90.32
O=C(O)c1cccnc1,44.84
O=C(O)CNC(=O)c1ncccc1O,76.81
C[C@@](C(=O)O[C@H]1C[N+]2(CCOc3ccc(Cl)cc3)CCC1CC2)(c1ccccc1)N1CCCCC1,99.25
COc1ccc2cc(S(=O)(=O)N[C@H](CC(=O)N[C@H](Cc3ccc(CN4[C@H](C)CCC[C@@H]4C)cc3)C(=O)N(C)C(C)C)c3ccc4c(c3)OCO4)ccc2c1,96.0
C[C@@H]1C[C@H]2[C@@H]3CCC4=CC(=O)C=C[C@]4(C)[C@@]3(Cl)[C@@H](O)C[C@]2(C)[C@@]1(OC(=O)c1ccco1)C(=O)CCl,99.77
COc1nccnc1NS(=O)(=O)c1ccc(N)cc1,76.81
O=C(CCS(=O)(=O)c1ccc(Br)cc1)NCc1ccc(F)cc1,95.72
Cc1ccc(CNC(=O)CCS(=O)(=O)c2ccc(Br)cc2)cc1,98.7
CNc1c(Br)cnc2[nH]c(-c3cnn(C4CCN(C)CC4)c3)nc12,77.21
Cc1nnc(NS(=O)(=O)c2ccc(N)cc2)s1,93.53
Cc1ccnc2c1NC(=O)c1cccnc1N2C1CC1,44.27
N#CN=C(N)c1sc(Nc2ccccc2)nc1N,89.7
O=C(CC(c1ccccc1)c1ccccc1)N1CCN(C(c2ccccc2)c2ccccc2)CC1,99.9
c1cncc(Nc2ncc(-c3ccncn3)c(-c3ccco3)n2)c1,86.05
Cc1ccc(NC(=O)c2cccc(C(C)(C)C#N)c2)cc1Nc1ccc2ncn(C)c(=O)c2c1,99.61
N[C@H]1CCN(c2c(Cl)cccc2/C=C2\SC(=O)NC2=O)C1,97.66
COc1cc(C)c(S(=O)(=O)N(C)CCOCC(=O)N2CCN(C3CCN(C)CC3)CC2)c(C)c1,42.01
O=c1n(CCCN2CCN(c3cccc(Cl)c3)CC2)nc2ccccn12,97.0
Cc1ccc(CO)cc1N(c1ccnc(Nc2cc(N3CCOCC3)cc(S(C)(=O)=O)c2)n1)C(C)C,95.91
Cc1ccc(S(=O)(=O)Nc2c(C(=O)N[C@@H](C)C(C)(C)C)c(C)nn2C2CCCCC2)cc1,97.76
C[C@H](CN(C(=O)c1ccc(C#N)cc1)c1ccccn1)N1CCN(c2cccc3c2OCCO3)CC1,99.1
CC(=O)Nc1cccc(Nc2ncnc(N3CCC(OCc4ccc(OC(F)(F)F)cc4)CC3)n2)c1C,98.81
Clc1ccc2ncc(-c3cccc(NC4CNC4)n3)n2c1,83.68
O=C(CN1CCCC1)N1c2ccccc2Sc2ccc(C(F)(F)F)cc21,97.71
COc1ccc(-c2nc(N3CCOCC3)nc(O)c2C#N)cc1,93.53
CCCCCCc1nc2c(N)nc3ccccc3c2n1Cc1ccccc1,99.64
CCCCc1nc2c(N)nc3ccccc3c2n1Cc1ccccc1,98.29
Cc1cc2c(s1)Nc1ccccc1N=C2N1CCN(C)CC1,89.27
CS(=O)(=O)NC(=O)CCCc1c(-c2ccc(F)cc2)[nH]c2ccc(C#N)cc12,98.7
CN(C)S(=O)(=O)NC(=O)CCCc1c(-c2ccc(F)cc2)[nH]c2ccc(C#N)cc12,99.59
N#Cc1ccc2[nH]c(-c3ccc(F)cc3)c(CCCC(=O)NS(N)(=O)=O)c2c1,98.54
Cc1c(N)cccc1Cn1ccc(OCCc2cccs2)cc1=O,95.01
Cc1cc(Nc2nc(O[C@@H](C)c3ccc(F)cn3)c(C#N)nc2C)n[nH]1,94.06
Cc1cc(Nc2nc(O[C@H](C)c3ccc(F)cn3)c(C#N)nc2C)n[nH]1,97.81
Cc1cccc(-c2nc3cc(Cl)ccc3[nH]2)n1,98.89
C[C@@H](NC1=CC(=O)CC1)c1ccc(Nc2ncc3cc(-c4ccncc4)ccc3n2)cc1,98.0
COc1cc(NC(=O)Nc2cccc(CNC(=O)O[C@H]3CCOC3)c2)ccc1-c1cnco1,98.7
Cc1cccc([C@H](C)c2c[nH]c(=S)[nH]2)c1C,83.04
Oc1ncnc2scc(-c3ccccc3)c12,86.32
Cc1ccc(-c2csc3ncnc(O)c23)cc1,96.09
COc1ccc2ncc(=O)n(CCN3CC[C@@H](NCc4ccc5c(n4)NC(=O)CO5)[C@H](OC)C3)c2c1,82.05
COc1ccc2ncc(=O)n(CCN3CC[C@@H](NCc4ccc5c(n4)NC(=O)CO5)[C@@H](O)C3)c2c1,94.68
COc1ccc2ncc(=O)n(CCN3CC[C@H](NCc4ccc5c(n4)NC(=O)CO5)[C@H](O)C3)c2c1,86.32
COc1ccc2ncc(=O)n(CCN3CC[C@@H](NCc4ccc5c(n4)NC(=O)CO5)[C@@H](OC)C3)c2c1,71.99
COc1ccc2ncc(=O)n(CCN3CC[C@@H](NCc4ccc5c(n4)NC(=O)CO5)[C@@H](F)C3)c2c1,75.55
N#Cc1ccc(C(=O)Nc2ccc(-n3ccnc3)nc2)cc1,71.05
Cc1ccc(NC(=O)c2ccnc(N3CCOCC3)c2)cc1NC(=O)c1ccc(OCc2ccccn2)cc1,98.51
CCC[C@@H](CNC(=O)c1nc(Cl)c(N)nc1N)[N+](C)(C)CCCc1ccc(OC)cc1,48.85
COC(=O)N(C)c1c(N)nc(-c2nn(Cc3ccccc3F)c3ncccc23)nc1N,91.46
Oc1ccc2cc(CNCCc3ccc(Br)cc3)c(-c3ccsc3)nc2c1,99.85
Cc1nc(C(=O)[C@H](C)Oc2ccc(SCCCCCc3ccccc3)cc2)sc1CCCC(=O)O,99.3
CC(NCCC(c1ccccc1)c1ccccc1)c1ccccc1,98.84
Cc1ccc(C(=O)c2ccc(CC(=O)O)n2C)cc1,99.72
CCN(CC)CCCC(C)Nc1c2ccc(Cl)cc2nc2ccc(OC)cc12,88.59
C[C@@H]1CN(Cc2ccc(F)cc2)CCN1C(=O)COc1ccc(Cl)cc1NC(N)=O,97.95
Cc1cc(Nc2nc(N[C@@H](C)c3ccc(F)cn3)c(C#N)nc2C)n[nH]1,82.72
Cc1cc(Nc2cncc(N[C@@H](C)c3ccc(F)cn3)n2)n[nH]1,78.01
Cc1cc(Nc2nc(N[C@@H](C)c3ccc(F)cn3)cnc2C)n[nH]1,84.0
Cc1cc(Nc2cnc(C#N)c(N[C@@H](C)c3ccc(F)cn3)n2)n[nH]1,85.48
O=C(Nc1ccncc1)c1cccc2ccccc12,93.1
C[C@H](CO)Nc1nc(SCc2cccc(F)c2F)nc2nc(N)cnc12,95.53
COc1cccc(C(=O)N2C(C(=O)O)CSC2c2ccccc2Cl)c1,98.61
COc1nc(Br)cnc1NS(=O)(=O)c1ccc(Cl)s1,99.87
COc1nc(Cl)c(Cl)nc1NS(=O)(=O)c1ccc(Cl)s1,99.92
CC(=O)Nc1ccc2c(c1)N(c1cc(NC3CC3)n3ncc(C#N)c3n1)CC2,97.49
C=CC(=O)Nc1cccc(CN2C(=O)N(c3c(Cl)c(OC)cc(OC)c3Cl)Cc3cnc(NCCCCN(CC)CC)nc32)c1,98.0
COc1cc2ncn(-c3cc(OCc4ccccc4S(C)(=O)=O)c(C#N)s3)c2cc1OC,98.89
Cc1onc(-c2c(Cl)cccc2Cl)c1CC(=O)NCc1ccc(OCC(F)(F)F)nc1,99.1
O=C(NCc1ccccc1)c1ccc2cccnc2c1O,96.93
Cc1ccc(-c2ccc3c(ccc4sc5c(c43)NC[C@@H](C)NC5=O)n2)cn1,84.9
COc1cccc2c1CCC21NCc2ccccc21,79.17
CC(C)Oc1ccc2c(=O)c(-c3ccccc3)coc2c1,99.47
O=C(CN1CCN(CCC2CCOCC2)CC1)NC12CC3CC(CC(C3)C1)C2,47.12
Cc1ccc(NC(=O)Nc2nnc(-c3ccncc3)s2)cc1,99.39
O=C(Nc1ccc(Cl)cc1)Nc1nnc(-c2ccncc2)s1,99.83
O=C(Nc1cccc(Cl)c1)Nc1nnc(-c2ccncc2)s1,99.8
CC(C)(C)OC(=O)N1CCC(OCc2nc(-c3ccncc3)no2)CC1,99.16
Cc1cn([C@H]2CCCN(Cc3ccc(C(=O)O)c(Oc4cccc(Cl)c4)c3)C2)c(=O)[nH]c1=O,97.32
Cc1cn([C@H]2CCCN(Cc3ccc(C(=O)O)c(Oc4cccc(F)c4)c3)C2)c(=O)[nH]c1=O,91.82
CCC[C@@H](c1ccc(C(=O)O)c(Oc2cccc(Cl)c2)c1)N1CCC[C@H](n2cc(C)c(=O)[nH]c2=O)C1,99.3
CCC[C@H](c1ccc(C(=O)O)c(Oc2cccc(Cl)c2)c1)N1CCC[C@H](n2cc(C)c(=O)[nH]c2=O)C1,98.81
CC[C@@H](c1ccc(C(=O)O)c(Oc2cccc(Cl)c2)c1)N1CCC[C@H](n2cc(C)c(=O)[nH]c2=O)C1,96.17
Cc1cccc(Oc2cc(CN3CCC[C@H](n4cc(C)c(=O)[nH]c4=O)C3)ccc2C(=O)O)c1,96.17
Cc1cn([C@H]2CCCN([C@@H](CC(C)C)c3ccc(C(=O)O)c(Oc4cccc(Cl)c4)c3)C2)c(=O)[nH]c1=O,98.89
Cc1cn(C2CCCN(Cc3cccc(Oc4ccccc4)c3)C2)c(=O)[nH]c1=O,98.89
Cc1cn([C@H]2CCCN([C@H](C)c3ccc(C(=O)O)c(Oc4cccc(Cl)c4)c3)C2)c(=O)[nH]c1=O,98.44
Cc1cn([C@H]2CCCN(Cc3ccc(C(=O)O)c(Oc4cccc(C(F)(F)F)c4)c3)C2)c(=O)[nH]c1=O,97.07
Cc1cn([C@H]2CCCN([C@H](CC(C)C)c3ccc(C(=O)O)c(Oc4cccc(Cl)c4)c3)C2)c(=O)[nH]c1=O,97.26
Cc1cn([C@H]2CCCN([C@H](CC(C)(C)C)c3ccc(C(=O)O)c(Oc4cccc(Br)c4)c3)C2)c(=O)[nH]c1=O,97.13
Cc1cn([C@H]2CCCN([C@@H](CC(C)(C)C)c3ccc(C(=O)O)c(Oc4cccc(Br)c4)c3)C2)c(=O)[nH]c1=O,99.01
COc1ccc(Oc2cccc(CN3CCCC(n4cc(C)c(=O)[nH]c4=O)C3)c2)cc1,98.21
CC[C@H](c1ccc(C(=O)O)c(Oc2cccc(Cl)c2)c1)N1CCC[C@H](n2cc(C)c(=O)[nH]c2=O)C1,98.21
CCC(C)(C)C[C@H](c1ccc(C(=O)O)c(Oc2cccc(Cl)c2)c1)N1CCC[C@H](n2cc(C)c(=O)[nH]c2=O)C1,98.37
CCC(CC)C[C@H](c1ccc(C(=O)O)c(Oc2cccc(Cl)c2)c1)N1CCC[C@H](n2cc(C)c(=O)[nH]c2=O)C1,98.81
CCCC(C)(C)C[C@H](c1ccc(C(=O)O)c(Oc2cccc(Cl)c2)c1)N1CCC[C@H](n2cc(C)c(=O)[nH]c2=O)C1,99.01
Cc1cn([C@H]2CCCN(Cc3ccc(C(=O)O)c(Oc4cccc(Br)c4)c3)C2)c(=O)[nH]c1=O,98.09
Cc1cn([C@H]2CCCN([C@@H](C)c3ccc(C(=O)O)c(Oc4cccc(Cl)c4)c3)C2)c(=O)[nH]c1=O,97.71
CN1CCC[C@@H]1Cc1c[nH]c2ccc(Nc3ncccc3[N+](=O)[O-])cc12,86.32
CC(C)COc1ccc(-c2cc(O)nc(N)n2)cc1,96.26
COc1ccc(-c2cc(O)nc(N)n2)cc1C#N,87.37
N#Cc1c(O)nc(N)nc1-c1ccccc1,96.34
CC(C)COc1ccc(-c2cc(O)nc(N)n2)cc1C#N,95.91
Nc1nc(O)c(Cl)c(-c2ccccc2)n1,95.23
CC(C)(C)OC(=O)N[C@H](Cc1ccccc1C(F)(F)F)C(=O)NCc1nc2cccnc2n1Cc1ccccc1,98.89
CCN(CCO)C(=O)c1cc2cccnn2c1-c1cccc(C(F)(F)F)c1,95.72
CC#Cc1cncc(-c2cccc([C@@]3(c4cc(C)c(=O)n(CC)c4)N=C(N)c4c(F)cccc43)c2)c1,98.92
O=C(Nc1ccccc1-c1ccccc1)OC1CCN(CCCCCCCCCNC[C@H](O)c2ccc(O)c3[nH]c(=O)ccc23)CC1,88.11
c1ccc2[nH]c(CCCc3nc4ccccc4[nH]3)nc2c1,99.69
Cc1cc(CCC[N+]23CCC(CC2)[C@@H](OC(=O)[C@](C)(c2ccccc2)N2CCCCC2)C3)ccn1,23.19
C[C@@](C(=O)O[C@H]1C[N+]2(CCCc3ccncc3)CCC1CC2)(c1ccccc1)N1CCCCC1,51.73
COc1ncc(-c2cccc(F)c2CCNC(=O)c2ccc(OCCC(F)(F)F)nc2)cn1,99.5
COc1ncc(-c2cccc(C#N)c2CCNC(=O)c2ccc(OCCC(F)(F)F)nc2)cn1,88.11
COc1ncc(-c2ccccc2C(F)(F)CNC(=O)c2ccc(COCC(F)(F)F)nc2)cn1,99.01
COc1ncc(-c2cccc(C)c2CCNC(=O)c2ccc(OCCC(F)(F)F)nc2)cn1,99.5
COc1ncc(-c2c(C)ccc(F)c2CCNC(=O)c2ccc(OCC(F)(F)F)nc2)cn1,99.8
Cn1cc(-c2ccncc2)c(-c2ccc(OCc3ccc4ccccc4n3)cc2)n1,99.88
c1ccc2nc(COc3ccc(-c4n[nH]cc4-c4ccncc4)cc3)ccc2c1,99.8
COc1cc(OC)c(S(=O)(=O)NCc2ccccc2N2CCC(C(=O)O)CC2)cc1NC(=O)CCC(=O)O,80.65
COc1cc(OC)c(S(=O)(=O)NCc2ccccc2N2CCC(CC(=O)O)CC2)cc1NC(=O)CCC(=O)O,91.28
COc1cc(OC)c(S(=O)(=O)NCc2ccccc2N2CCC(CO)CC2)cc1NC(=O)CCC(=O)O,59.66
COc1cc(OC)c(S(=O)(=O)NCc2ccccc2N2CCC(CO)CC2)cc1NC(C)=O,87.37
COc1cc(OC)c(S(=O)(=O)NCc2ccccc2N2CCCCC2)cc1NC(=O)CCC(=O)O,69.61
COc1cc(OC)c(S(=O)(=O)NCc2ccccc2N2CCC(COC(=O)CCC(=O)O)CC2)cc1NC(=O)CCC(=O)O,84.9
CC(C)(Oc1ccc(Cl)cc1)C(=O)N1CCN(c2ccccn2)CC1,99.23
O=C(CSc1ccccc1)N1CCN(C(=O)c2ccco2)CC1,73.36
CN(CC(=O)O)NC(=O)C[C@H](N)C[C@@H](O)CN,12.63
COC(=O)/C=C/C(=O)O,86.05
CCOC(=O)c1cnc2c(N)cccc2c1O,79.92
COc1cc(NC(C)CCCN)c2ncccc2c1,59.66
Cc1n[nH]c(C)c1Cc1sc2c(c1C(=O)N1C[C@H](O)CO1)c(=O)n(C)c(=O)n2CC(C)C,51.15
Cc1cn([C@H]2CCCN(S(=O)(=O)c3ccc(O)c(Oc4cccc(Br)c4)c3)C2)c(=O)[nH]c1=O,98.61
Cc1cn([C@H]2CCCN(S(=O)(=O)c3ccc(O)c(Oc4ccc(Cl)cc4)c3)C2)c(=O)[nH]c1=O,98.61
Cc1cccc(Oc2cc(S(=O)(=O)N3CCC[C@H](n4cc(C)c(=O)[nH]c4=O)C3)ccc2C(=O)O)c1,94.32
Cc1cn([C@H]2CCCN(S(=O)(=O)c3ccc(C(=O)O)c(Oc4cccc(Cl)c4)c3)C2)c(=O)[nH]c1=O,96.0
Cc1cn([C@H]2CCCN(S(=O)(=O)c3ccc(CO)c(Oc4cccc(Cl)c4)c3)C2)c(=O)[nH]c1=O,92.64
COc1ccc(S(=O)(=O)N2CCC[C@H](n3cc(C)c(=O)[nH]c3=O)C2)cc1Oc1cccc(Cl)c1,97.49
Cc1cn([C@H]2CCCN(S(=O)(=O)c3ccc(O)c(Oc4cccc(C(F)(F)F)c4)c3)C2)c(=O)[nH]c1=O,98.61
Cc1cn([C@H]2CCCN(S(=O)(=O)c3ccc(C(N)=O)c(Oc4cccc(Cl)c4)c3)C2)c(=O)[nH]c1=O,96.42
Cc1cn([C@H]2CCCN(S(=O)(=O)c3ccc(O)c(Oc4cc(F)cc(Cl)c4)c3)C2)c(=O)[nH]c1=O,98.81
Cc1cn([C@H]2CCCN(S(=O)(=O)c3ccc(O)c(Oc4ccccc4)c3)C2)c(=O)[nH]c1=O,93.8
Cc1cn([C@H]2CCCN(S(=O)(=O)c3ccc(O)c(Oc4cccc(F)c4)c3)C2)c(=O)[nH]c1=O,95.43
Cc1cn([C@H]2CCCN(S(=O)(=O)c3ccc(C#N)c(Oc4cccc(Cl)c4)c3)C2)c(=O)[nH]c1=O,97.71
Cc1cn([C@H]2CCCN(S(=O)(=O)c3cccc(Oc4ccccc4)c3)C2)c(=O)[nH]c1=O,97.38
N/C(=N\C(=O)c1nc(Cl)c(N)nc1N)NCCCCc1ccc(OCC(O)CO)cc1,75.12
FC(F)(F)Oc1ccc(-c2nnc(CCCCc3ccc4cccnc4n3)o2)cc1Cl,99.92
N=C(N)c1ccc(CNC(=O)C2(NC(=O)[C@H](NCC(=O)O)C3CCCCC3)Cc3ccccc3C2)cc1,45.98
Cc1ccc(C(NC(=O)c2ccccc2O)C(=O)Nc2c(C)cccc2C)s1,99.57
O=C1[C@@H]2[C@@H]3CC[C@@H](C3)[C@@H]2C(=O)N1[C@H]1CC[C@H](C(=O)Nc2cccc3cccnc23)CC1,98.4
COc1cc2nnc(C(N)=O)c(Nc3cccc(Cl)c3Cl)c2cc1OC,98.81
COc1cc2nnc(C(N)=O)c(Nc3ccc(F)cc3F)c2cc1OC,95.53
COc1cc2nnc(C(N)=O)c(Nc3ccc(C)cc3F)c2cc1OC,96.72
COc1cc2nnc(C(N)=O)c(Nc3cccc(Cl)c3F)c2cc1OC,97.81
COc1cc2nnc(C(N)=O)c(Nc3cc(C)ccc3F)c2cc1OC,96.87
O=C(NC[C@@H](O)CN1CCC(Oc2ccc(Cl)c(Cl)c2)CC1)c1c[nH]c2ccccc12,98.09
CCCCNc1nc(SCCC)nc2c1nnn2[C@@H]1C[C@H](CO)[C@@H](O)[C@H]1O,97.6
CN(C(=O)Cc1ccc(-n2cnnn2)cc1)C1CCN(Cc2ccc(C(F)(F)F)cc2)CC1,91.28
COc1ccc(-c2nc3c(NCCCN(C)C(=O)C4CCC4)c(Br)cnc3[nH]2)cc1,99.78
Cc1cnc(-c2cc(NC(=O)c3ccc(C(F)(F)F)nc3C)ccc2Cl)[nH]1,96.09
O=C(NCc1cccc(F)c1)NC1CCN(Cc2ccn(-c3ccc(C(F)(F)F)cc3)c2)CC1,97.32
O=C(O)COc1ccc(Cl)cc1CN1CCN(S(=O)(=O)Cc2ccccc2)CC1,99.33
CC(C)(C)NC(=O)[C@@H]1CN(Cc2cccnc2)CCN1C[C@@H](O)C[C@@H](Cc1ccccc1)C(=O)N[C@H]1c2ccccc2C[C@H]1O,62.94
O=P1(N(CCCl)CCCl)NCCCO1,20.08
Cc1cnc(C(=O)NCCc2ccc(S(=O)(=O)NC(=O)NC3CCCCC3)cc2)cn1,99.12
CC(=O)c1ncccc1NC(=O)[C@H]1CC[C@H](N2C(=O)[C@@H]3[C@@H]4CC[C@@H](C4)[C@@H]3C2=O)CC1,98.7
COc1ccc2c(c1O)-c1cccc3c1[C@@H](C2)N(C)CC3,93.8
O=C(Nc1ccc(F)cc1)c1ccc(Cl)[n+]([O-])c1,53.45
O=C1COC2(CCN(S(=O)(=O)c3ccc(-c4ccc5cnccc5c4)cc3)CC2)CN1C1CC1,99.82
CO[C@@]1(NC(=O)CSCC#N)C(=O)N2C(C(=O)O)=C(CSc3nnnn3C)CS[C@@H]21,80.65
Cc1nnc(SCC2=C(C(=O)O)N3C(=O)[C@@H](NC(=O)Cn4cnnn4)[C@H]3SC2)s1,90.32
Nc1nnc(-c2cccc(Cl)c2Cl)c(N)n1,55.73
Cc1ccccc1-n1c(Cn2cnc3c(N)ncnc32)nc2cccc(C)c2c1=O,98.64
O=C(NCC12CC3CC(CC(C3)C1)C2)c1cc(O[C@@H]2CCCNC2)ccc1Cl,94.56
O=C(NCC12CC3CC(CC(C3)C1)C2)c1cc(O[C@H]2CCCNC2)ccc1Cl,94.56
COc1ccc(COc2nc(Br)cnc2NS(=O)(=O)c2ccc(C)cc2)cc1OCCN(C)C,99.67
COc1ccc2c(O)cc(=O)n(Cc3ccc(-c4ccccc4-c4nn[nH]n4)cc3)c2c1,99.89
CCOc1ccc([C@@H](C)Nc2nc(N3CCN(C(C)=O)CC3)nc3c2CN(C(C)C)C3=O)cc1,70.1
CCOc1ccc([C@@H](C)Nc2nc(N3CCN(C(C)=O)CC3)nc3c2CN(C(C)C)C3=O)cc1F,66.61
O=c1[nH]c2ccccc2n1CCCN1CCC(n2c(=O)[nH]c3cc(Cl)ccc32)CC1,96.65
Cc1ccc(-c2ncc(CN3CCOCC3)s2)cc1NC(=O)c1ccc(OCc2ccccn2)cc1,96.72
Cc1ccc(S(=O)(=O)Nc2c(C(=O)N[C@@H](C)C(C)(C)C)c(C)nn2C2CCS(=O)(=O)CC2)cc1,79.17
O=C(O)[C@H](Cc1ccccc1F)N1CCC(CN2CCC(Oc3ccc(Cl)c(Cl)c3)CC2)CC1,88.59
Cc1c(OC2CCN(CC3CCN([C@@H](Cc4ccc(F)cc4)C(=O)O)CC3)CC2)ccc(C#N)c1Cl,94.06
Cc1cc(F)ccc1OC1CCN(CC2CCN([C@@](C)(Cc3ccc(F)cc3)C(=O)O)CC2)CC1,53.45
N#Cc1ccc(C[C@@H](C(=O)O)N2CCC(CN3CCC(Oc4ccc(Cl)c(Cl)c4)CC3)CC2)cc1,94.79
O=C(O)[C@H](Cc1ccc(F)cc1)N1CCC(CN2CCC(Oc3ccc(Cl)c(Cl)c3)CC2)CC1,88.59
Cc1cc(OC2CCN(CC3CCN([C@@](C)(Cc4ccc(F)cc4)C(=O)O)CC3)CC2)ccc1Cl,78.79
Cc1c(OC2CCN(CC3CCN([C@@](C)(Cc4ccc(F)cc4)C(=O)O)CC3)CC2)ccc(Cl)c1Cl,96.79
N#Cc1ccccc1C[C@@H](C(=O)O)N1CCC(CN2CCC(Oc3ccc(Cl)c(Cl)c3)CC2)CC1,90.91
Cc1c(Cl)ccc(OC2CCN(CC3CCN([C@@H](Cc4ccc(F)cc4)C(=O)O)CC3)CC2)c1Cl,96.26
Cc1ccccc1C[C@@H](C(=O)O)N1CCC(CN2CCC(Oc3ccc(Cl)c(Cl)c3)CC2)CC1,91.64
O=C(O)[C@@H](Cc1ccccc1)N1CCC(CN2CCC(Oc3ccc(Cl)c(Cl)c3)CC2)CC1,68.63
C[C@H](c1ccc(F)cc1CCCC(=O)O)N(c1cc(F)ccc1F)S(=O)(=O)c1ccc(Cl)cc1,99.9
COCCNc1nc(N)c2nc(O)n(Cc3ccccc3)c2n1,79.17
C[C@@H](NC(=O)[C@H]1CCCNC1)c1ccc(Nc2ncc3cc(-c4ccncc4)ccc3n2)cc1,94.56
O=C(Nc1cccc(CCO)c1)c1cc2cc(Cl)ccc2[nH]1,99.26
O=C(Nc1ccc(CCO)cc1)c1cc2cc(Cl)ccc2[nH]1,98.61
C[C@H](NC(=O)Cc1cc(F)cc(F)c1)C(=O)NC1C(=O)N(C)c2ccccc2-c2ccccc21,99.01
CN(CCCOCCOCCc1ccccc1)CCc1ccc(O)c2nc(O)sc12,90.12
CCOc1nc2ccc(OCCC3CCN(c4ccc(C)nn4)CC3)cc2o1,99.72
C[N+](C)(Cc1ccc(NC(=O)c2ccc(Cl)c(Cl)c2)cc1)C1CCOCC1,82.05
Cc1ccc(S(=O)(=O)Nc2c(C(=O)N[C@@H](C)C(C)(C)C)c(C)nn2CC(F)(F)F)cc1,98.58
Cc1ccc(S(=O)(=O)Nc2c(C(=O)N[C@@H](C)C(C)(C)C)c(C)nn2C(C)C)cc1,95.43
CCn1nc(C)c(C(=O)N[C@@H](C)C(C)(C)C)c1NS(=O)(=O)c1ccc(C)cc1,98.37
CCC(CC)NC(=O)c1c(C)nn(C(C)C)c1NS(=O)(=O)c1ccc(C)cc1,96.5
COCC(C)n1nc(C)c(C(=O)N[C@@H](C)C(C)(C)C)c1NS(=O)(=O)c1ccc(C)cc1,91.64
CCC(CC)n1nc(C)c(C(=O)N[C@@H](C)C(C)(C)C)c1NS(=O)(=O)c1ccc(C)cc1,98.0
COCCC(C)n1nc(C)c(C(=O)N[C@@H](C)C(C)(C)C)c1NS(=O)(=O)c1ccc(C)cc1,89.91
Cc1onc(-c2ccccc2)c1C(=O)N(C)c1ccc(Cl)cc1,95.82
COc1ccc(-c2nc3cc(C4=NNC(=O)CC4C)ccc3[nH]2)cc1,89.05
Cc1ccc(S(=O)(=O)Nc2ccc3nc(C)oc3c2)cc1,97.91
CO[C@H]1CN(CCn2c(=O)ccc3ccc(C#N)cc32)CC[C@@H]1NCc1cc2c(cn1)OCCO2,84.0
CO[C@H]1CN(CCn2c(=O)ccc3ccc(C#N)cc32)CC[C@H]1NCc1cc2c(cn1)OCCO2,51.73
COc1ccc2c(C)cc(=O)n(CCN3CCC(NCc4cc5c(cn4)OCCO5)CC3)c2c1,88.59
COc1ccc2ccc(=O)n(CCN3CCC(NCc4cc5c(cn4)OCCO5)CC3)c2c1,69.12
N#Cc1ccc2ccc(=O)n(CCN3CC[C@@H](NCc4cc5c(cn4)OCCO5)[C@@H](O)C3)c2c1,79.17
COc1cc2c(Nc3cccc(Cl)c3Cl)c(C(N)=O)cnc2cc1NCCN1CCCCC1,99.4
C[C@@H](O)[C@H](NC(=O)c1ccc(C#Cc2ccc(CN3CCOCC3)cc2)cc1)C(=O)NO,96.42
Cc1c(Sc2ccc(Cl)cc2)c2c(-c3cnccn3)cccc2n1CC(=O)O,98.76
COc1ccccc1-c1csc(-n2ncc(C#N)c2N)n1,40.89
Cc1nc(Cl)c(Cl)n1Cc1sc2c(c1C(=O)N1CC[C@@H](O)C1)c(=O)n(C)c(=O)n2CC(C)C,91.1
CCc1[nH]c2nc(Sc3cnc4ccc[n+]([O-])c4c3)nc(N3CC[C@@H](N)C3)c2c1Cl,79.55
CC/C(=C(\c1ccccc1)c1ccc(/C=C/C(=O)O)cc1)c1ccccc1,99.67
O=C(NC[C@@H](O)CN1CCC(Oc2ccc(Cl)c(Cl)c2)CC1)c1n[nH]c(=O)c2ccccc12,96.5
Nc1nc(OCC2CCC2)nc2c1ncn2[C@@H]1O[C@H](CF)[C@@H](O)[C@H]1O,77.21
CN(CCOc1ccc(CC2SC(=O)NC2=O)cc1)c1ccccn1,99.74
CCOC(=O)Nc1ccc(NCc2ccc(F)cc2)nc1N,84.0
Cc1ccc2c(OCCN3CCC(Cc4cccc(NS(C)(=O)=O)c4)CC3)cccc2n1,97.0
COc1ccccc1C(=O)/C=C/c1ccccc1C(F)(F)F,99.91
COc1ccc(NC(=O)c2ccnc(N)n2)cc1,71.05
COc1ccc2nnc(=O)n(CCN3CCC(NCc4ccc5c(n4)NC(=O)CO5)CC3)c2c1,55.73
CC(=O)Nc1ccc2ccn(-c3cc(NCCN4CCOCC4)n4ncc(C#N)c4n3)c2c1,88.82
Cc1ccc(-c2[nH]cnc2C)cc1NC(=O)c1ccc(OCc2ccccn2)cc1,93.67
O=C(NC1CC1)c1cn(-c2cccc(C#Cc3cccnc3)c2)c2ncccc2c1=O,98.33
Cc1oc(CN2CCNCC2)cc1C(=O)NCC12CC3CC(CC(C3)C1)C2,85.19
CCOc1cc2ncc(C(N)=O)c(Nc3ccc(F)cc3F)c2cc1N1CCCN(C2CC2)CC1,97.81
Cc1sc2c(c1C)c(=O)n(-c1ccc(F)cc1)c(=O)n2CC(=O)NCc1ccco1,97.32
O=c1[nH]c2c(O)ccc([C@@H](O)CNCCCSCCOCCc3cccc4ccccc34)c2s1,99.33
O[C@H](c1cc(C(F)(F)F)nc2c(C(F)(F)F)cccc12)[C@@H]1CCCCN1,97.86
O=C1N=C(O)NC1(c1ccccc1)c1ccccc1,87.11
CN1CCN(S(=O)(=O)c2ccc(-c3cnc(N)c(C(=O)Nc4cnccc4CN4CCCC4)n3)cc2)CC1,92.16
CC[C@@H](Nc1c(Nc2cccc(C(=O)N(C)C)c2O)c(=O)c1=O)c1ccc(C)o1,98.21
COc1ccc(Cc2c(N)n[nH]c2N)cc1,80.65
C#Cc1cccc(Nc2ncnc3cc(OCCOC)c(OCCOC)cc23)c1,95.82
N#Cc1cc(S(=O)(=O)Nc2ncns2)ccc1Oc1cc(Cl)c(F)cc1-c1ccnnc1,99.59
N#Cc1cc(S(=O)(=O)Nc2ncns2)ccc1Oc1ccc(C(F)(F)F)cc1-c1ccnnc1,99.41
COc1cc2c(c(OC)c1OC)-c1ccc(OC)c(=O)cc1C(NC(C)=O)CC2,32.88
C[C@H]1CN(c2cc(N(CCO)Cc3cccc4ccccc34)[nH]c(=O)n2)CCO1,84.0
CCN(Cc1cccc2ccccc12)c1cc(N2CCOCC2)nc(=O)[nH]1,96.42
O=c1nc(N2CCOCC2)cc(N(CCO)Cc2cccc3ccccc23)[nH]1,86.05
CN(Cc1cccc2ccccc12)c1cc(N2CCOCC2)nc(=O)[nH]1,94.32
CN(C)CCN(Cc1cccc2ccccc12)c1cc(N2CCOCC2)nc(=O)[nH]1,66.1
CC(C)(C)OC(=O)NC[C@H]1CC[C@H](CNC(=O)c2cc(N3CCC(CCN4CC(O)C4)CC3)nc3ccccc23)CC1,97.0
CC(C)N1C(=O)[C@H](NC(=O)[C@@H](Cc2ccccc2OC(F)(F)F)NC(=O)OC(C)(C)C)CCc2ccccc21,99.7
CC(C)(C)NC(=O)NCCN1CCN(CC(=O)Nc2cc(Cl)cc(Cl)c2)CC1,94.79
CCCCNC(=O)c1ccc(Oc2ccc(CC(=O)O)cc2OC)c(NS(=O)(=O)c2ccc(Cl)cc2Cl)c1,99.8
Cc1ccc(-c2c(C)nn(C)c2C)cc1NC(=O)c1ccc(OCc2ccccn2)cc1,98.21
CC(C)c1nnc2ccc(-c3ocnc3-c3cc(F)ccc3F)cn12,81.36
COc1cc2c(cc1-c1c(C)noc1C)ncc1[nH]c(=O)n([C@H](C)c3ccccn3)c12,97.66
O=C(c1cccc(N2Cc3cccc(Cl)c3C2=O)c1)N1CCC2(CC1)CCN(c1ccncc1)CC2,99.05
Cc1ccc(CCC[N+]23CCC(CC2)[C@@H](OC(=O)[C@](C)(c2ccccc2)N2CCCCC2)C3)cn1,86.05
CC(=O)Nc1ccc2ccn(-c3cc(NCCCN(C)C)n4ncc(C#N)c4n3)c2c1,89.91
CC(=O)Nc1ccc2ccn(-c3cc(NCCCCO)n4ncc(C#N)c4n3)c2c1,95.91
CC(C)NC(=O)c1nn(-c2ccc(Cl)cc2)c(=O)c2c(N)scc12,99.01
O=P(c1ccccc1)(c1ccccc1)N(Cc1ccccn1)Cc1ccccn1,99.51
Nc1nc(-c2nn(Cc3ccccc3F)c3ncccc23)nc(N)c1N1CCOCC1,92.32
C[C@H](CO)Nc1nc(SCc2cccc(F)c2F)nc2nc(NC3CC3)sc12,98.78
OCC(CO)Nc1nc(SCc2cccc(F)c2F)nc2nc(NC3CC3)sc12,94.9
CC(C)c1noc(C2CCN(c3ncnc(Nc4ccc(S(C)(=O)=O)cc4F)c3[N+](=O)[O-])CC2)n1,99.01
CS(=O)(=O)c1ccc(-c2ccc3c(Nc4ccc(F)cc4)c(C(N)=O)cnc3c2)cc1,98.7
C[C@@H](NC1=CC(=O)NCC1)c1ccc(Nc2ncc3cc(-c4ccncc4)ccc3n2)cc1,97.13
CC(C)(C)NC(=O)NCCN1CC(NC(=O)c2cc(Cl)cc(Cl)c2)C1,90.72
CC(NC(=O)c1cc2ccccc2[nH]1)c1ccccc1,97.81
CNc1nc(C)c(-c2nc(Nc3cccc(N4CCNCC4)c3)ncc2C#N)s1,86.05
COc1cc(OC)c(S(=O)(=O)N2c3ccccc3CCC2C)cc1NC(=O)Cc1ccnc(F)c1,94.56
Nc1nc(-c2ccccn2)nc(N)c1Cc1ccc(Cl)cc1Cl,98.61
CCCS(=O)(=O)N1N=Cc2cc(Cl)ccc2B1O,83.04
Cc1ccccc1CN1CCC(N2CCC(n3c(=O)[nH]c4ccccc43)CC2)CC1,64.54
C[N+]1(C)[C@@H]2C[C@@H](OC(=O)C(O)(c3cccs3)c3cccs3)C[C@H]1[C@@H]1O[C@@H]12,47.7
C[C@@](C(=O)O[C@H]1C[N+]2(CC(=O)Nc3ccccc3)CCC1CC2)(c1ccccc1)N1CCCCC1,98.58
C[C@@](C(=O)O[C@H]1C[N+]2(CC(=O)Nc3cccc(F)c3)CCC1CC2)(c1ccccc1)N1CCCCC1,99.6
c1ccc2c(c1)CCN(c1ccncc1)C2,56.86
CN1CCc2cc(Cl)c(O)cc2[C@@H](c2ccccc2)C1,91.99
C[C@H](CO)Nc1nc(SCc2cccc(F)c2F)nc2[nH]c(N)nc12,97.71
CCc1[nH]c2nc(Sc3cnc4ccc[n+]([O-])c4c3)nc(N3C[C@@H]4[C@@H](N)[C@@H]4C3)c2c1Cl,93.39
COc1ccc(-c2c(C(=O)N3CCC[C@H]3CO)cc3cccnn23)cc1,89.05
CC(C)Oc1cc(Nc2nc(N[C@@H](C)c3ccc(F)cn3)nc(OC(CO)CO)c2Cl)n[nH]1,82.39
N#C[C@@]1(NC(=O)[C@@H](N)Cc2cccs2)C[C@@H]1c1ccccc1,54.02
O=C(O)c1cccc(C(=O)N2CCC(N3CCC(Oc4ccc(Cl)c(Cl)c4)CC3)CC2)c1,95.01
Cc1c(Cl)ccc(OC2CCN(C3CCN(C(=O)c4cccc(S(C)(=O)=O)c4)CC3)CC2)c1Cl,96.5
O=C(O)COc1cccc(C(=O)N2CCC(N3CCC(Oc4ccc(Cl)c(Cl)c4)CC3)CC2)c1,98.7
CC(C)(C)[C@@H](O)C(=O)N1CCC[C@H]1C(=O)NCc1cc(Cl)ccc1CN,42.01
CN(C)CCCN1c2ccccc2Sc2ccc(Cl)cc21,98.64
CN(C)CCCN1c2ccccc2Sc2ccccc21,89.91
COc1cc2ncc(C(N)=O)c(Nc3ccc(F)cc3F)c2cc1NCCN1CCOCC1,92.16
CC(O)(C(=O)Nc1ccc(S(=O)(=O)N2CCCC2)cc1)C(F)(F)F,78.01
O=C(c1ccc(F)cc1)C1CCN(CCn2c(=O)[nH]c3ccccc3c2=O)CC1,90.32
CC(C)C[C@H](NC(=O)[C@H](Cc1ccccc1)NC(=O)c1cnccn1)B(O)O,86.85
Cc1[nH]c(/C=C2\C(=O)Nc3ccc(F)cc32)c(C)c1C(=O)NCCN(C)C,82.72
CCN(CC)CCNC(=O)c1c(C)[nH]c(/C=C2\C(=O)Nc3ccc(Cl)cc32)c1C,89.49
Cc1ccc(/C(=C\CN2CCCC2)c2ccccn2)cc1,35.46
COc1cc(OC)c(S(=O)(=O)N2c3ccccc3Oc3ccccc32)cc1NC(=O)Cc1ccnc(F)c1,99.01
C[C@@H](c1ncncc1F)[C@](O)(Cn1cncn1)c1ccc(F)cc1F,46.55
O=C(NCC12CC3CC(CC(C3)C1)C2)c1cc(-n2ncc(=O)[nH]c2=O)ccc1Cl,98.13
CNC(=O)Nc1nc2ccc(-c3cncc(S(=O)(=O)NC(C)(C)C)c3)cn2n1,64.54
CC(C)(C)NS(=O)(=O)c1cncc(-c2ccc3nc(N)nn3c2)c1,62.94
CC(=O)Nc1cccc(Nc2nc(NC3CC3)n3ncc(C#N)c3n2)c1,89.27
CN[C@@H](C)C(=O)N[C@H](C(=O)N[C@H]1CCN(C(=O)Cc2ccccc2)C1)C1CCCCC1,32.88
COc1ccc2c(Oc3ccc(CC(=O)Nc4cn(C)nc4C)c(OC)c3)ccnc2c1,98.89
CN[C@@H](C)C(=O)N[C@H]1CN(C(=O)CC(C)C)CC[C@H]2CC[C@@H](C(=O)NC(c3ccccc3)c3ccccc3)N2C1=O,74.69
O=C(CN1CCN(Cc2ccn(-c3ccc(C(F)(F)F)cn3)c2)CC1)NC(c1ccc(F)cc1)c1ccc(F)cc1,99.86
Cc1cc([C@H](O)[C@](C)(OCc2ccc(-c3ccccc3)cc2)C(=O)NO)no1,96.72
COc1ncc2ccc(=O)n(CCN3CCC(NCc4cc5c(cn4)OCCO5)CC3)c2n1,72.45
Cc1nccn1-c1ccc(Sc2cccc(C3(C(N)=O)CCOCC3)c2)cc1,93.1
COCCOC(=O)C1=C(C)NC(C)=C(C(=O)OC(C)C)C1c1cccc([N+](=O)[O-])c1,98.17
COC(=O)C1=C(C)NC(C)=C(C(=O)OC)C1c1ccccc1[N+](=O)[O-],96.17
CCOC(=O)C1=C(COCCN)NC(C)=C(C(=O)OC)C1c1ccccc1Cl,98.09
CCOC(=O)C1=C(C)NC(C)=C(C(=O)OC)C1c1cccc([N+](=O)[O-])c1,99.1
CNC(=O)c1[nH]cnc1C(=O)Nc1ccc(Cl)cc1,97.32
CNC(=O)c1[nH]cnc1C(=O)Nc1ccc(OC)cc1,86.59
NC1=Nc2ccccc2Sc2cccc(F)c21,94.32
COCCN(c1cccnc1)P(=O)(c1ccccc1)c1ccccc1,91.28
CCCN(c1cccnc1)P(=O)(c1ccccc1)c1ccccc1,97.95
CC(C)c1ccc(/C=N/NC(=O)c2ccc(O)cc2)cc1,94.32
COc1cc(-n2cnc3cc(-c4ccc(Cl)cc4)sc3c2=O)ccc1OCCN1CCCC1,98.61
CC(C)N1CCC(N(C(=O)Cc2ccccc2)c2ccc(Cl)cc2)CC1,71.05
O=C(c1ccc(-c2ccc(Cl)cc2)o1)N(Cc1ccccn1)c1ccc(N2CCNCC2)cc1,97.32
COc1cc2nc(N3CCN(C(=O)c4ccco4)CC3)nc(N)c2cc1OC,96.0
COc1ccc(CC(=O)Nc2nc3ccccc3[nH]2)cc1,96.26
CS(=O)(=O)c1ccc(-c2cc(Cl)ccc2OCC(=O)O)c(Cl)c1,97.49
CC[C@H](N)C(=O)N[C@H](C#N)Cc1ccc(-c2ccccc2)cc1,91.99
N#Cc1cccc(-c2cc(C(F)(F)F)ccc2OCC(=O)O)c1,98.61
CCS(=O)(=O)c1ccc(-c2cc(Cl)ccc2OCC(=O)O)c(C)c1,99.71
N#Cc1ccc(F)c(-c2cc(C(F)(F)F)ccc2OCC(=O)O)c1,97.07
CS(=O)(=O)c1ccc(-c2cc(C(F)(F)F)ccc2OCC(=O)O)c(Cl)c1,95.82
N#Cc1cccc(-c2cc(Cl)ccc2OCC(=O)O)c1,99.25
CS(=O)(=O)c1ccc(-c2cc(C(F)(F)F)ccc2OCC(=O)O)cc1,93.24
O=C(O)COc1ccc([N+](=O)[O-])cc1-c1ccccc1,99.59
CCS(=O)(=O)c1ccc(-c2cc(Cl)ccc2OCC(=O)O)c(F)c1,95.12
CCS(=O)(=O)c1ccc(-c2cc(C(F)(F)F)ccc2O[C@@H](C)C(=O)O)c(C)c1,95.82
CCS(=O)(=O)c1ccc(-c2cc(C(F)(F)F)ccc2CCC(=O)O)c(C)c1,97.44
CCc1ccc(OCC(=O)O)c(-c2ccc(S(C)(=O)=O)cc2)c1,94.32
CCS(=O)(=O)c1ccc(-c2cc(Cl)ccc2OCC(=O)O)cc1,97.26
CCS(=O)(=O)c1ccc(-c2cc(C(F)(F)F)ccc2OCC(=O)O)c(Cl)c1,97.66
CCS(=O)(=O)c1ccc(-c2cc(Cl)ccc2OCC(=O)O)c(C(F)(F)F)c1,98.47
CCN(CC)S(=O)(=O)c1ccc(-c2cc(C(F)(F)F)ccc2OCC(=O)O)cc1,98.78
CCS(=O)(=O)c1ccc(-c2cc(C(F)(F)F)ccc2OCC(=O)O)c(C)c1,95.72
CCS(=O)(=O)c1ccc(-c2cc(Cl)ccc2OCC(=O)O)c(Cl)c1,97.32
O=C(O)c1cc(-c2ccc(F)cc2F)ccc1O,99.79
C[C@@H](CC(=O)OC(C)(C)C)NC(=O)C1=NO[C@@H](C(O)(C(F)(F)F)C(F)(F)F)C1,82.05
C[C@@H](CC(=O)OC(C)(C)C)NC(=O)C1=NOC(C(O)(C(F)(F)F)C(F)(F)F)C1,84.0
CC(CC(=O)OC(C)(C)C)NC(=O)C1=NOC(C(O)(C(F)(F)F)C(F)(F)F)C1,80.65
C1CCC(C(CC2CCCCN2)C2CCCCC2)CC1,98.44
CCCc1nc2c(C)cc(-c3nc4ccccc4n3C)cc2n1Cc1ccc(-c2ccccc2C(=O)O)cc1,99.23
CCOc1ccc(-n2c([C@@H](C)N(CC3CCN(C)CC3)C(=O)Cc3ccc(F)c(C(F)(F)F)c3)nc3ncccc3c2=O)cc1,87.11
O=C(CCS(=O)(=O)c1ccc(Br)cc1)NCc1cccs1,91.46
CC(C)S(=O)(=O)N(C)c1cc(C(=O)N[C@@H](Cc2ccccc2)[C@@H](N)CF)cc(NC[C@H]2C[C@@H]2C)n1,95.53
Cc1ccc(S(=O)(=O)Nc2c(C(=O)NC3CCOCC3)c(C)nn2-c2ccccc2)cc1,97.38
CCCN(c1ccon1)P(=O)(c1ccccc1)c1ccccc1,96.26
N#Cc1cnn2c(N)cc(-c3cccs3)nc12,95.12
O=C(NCc1ccc(OC(F)(F)F)cc1)C1c2ccccc2C(=O)N1C[C@@H]1CCCO1,96.42
COc1cc(C)c(S(=O)(=O)N(C)CCOCC(=O)N2CCC(C3CCN(C)CC3)CC2)c(C)c1,51.73
C[C@H]1O[C@@H](n2cnc3c(N)nc(OC(C4CC4)C(F)(F)F)nc32)[C@H](O)[C@@H]1O,65.06
CCOC(=O)Nc1cc2c(c(N)n1)N=C(c1ccccc1)CCN2,94.56
COc1ccc2c(C)cc(N[C@H]3CC[C@H](NCc4cn(C)c5ccc(C#N)cc45)C3)nc2c1,98.61
CC(=O)c1cn(Cc2ccccc2)c(=O)n(Cc2ccc(F)cc2)c1=O,97.55
CN[C@@H](C)C(=O)N[C@H](C(=O)N[C@H]1CCN(C(=O)c2ccccc2)C1)C1CCCCC1,33.9
NC(=O)NC(=O)C(Nc1ccc2c(c1)CCC2)c1ccccc1,97.0
O=C(O)[C@@H](c1ccc(OCc2ccc3ccccc3n2)cc1)C1CCCC1,99.85
COCCNCC(=O)NC12CC3CC(CC(C3)C1)C2,50.0
CNc1c(Br)cnc2[nH]c(-c3ccc(OCCN4CCCCC4)cc3)nc12,88.82
Cc1cc(C)c(S(=O)(=O)NCc2ccncc2)c(C)c1,86.05
Clc1ccc(C(c2ccccc2)N2CCNCC2)cc1,94.19
OCCOCCN1CCN(C(c2ccccc2)c2ccc(Cl)cc2)CC1,91.82
O=C(O)COCCN1CCN(C(c2ccccc2)c2ccc(Cl)cc2)CC1,81.01
COc1cnc(-c2ccccn2)nc1N1CCCC1,93.39
COc1ccc(CC(C)(C)NC[C@H](O)c2cc(O)cc3c2OCC(=O)N3)cc1,59.11
O=C(O)CCc1ccc(OCc2cc(Cl)ccc2-c2ccccc2)cc1,99.8
COc1ccc(-c2nc(-c3ccccn3)no2)cc1,97.6
NC(=O)[C@@H](CCC(F)(F)F)N(Cc1ccc(-c2ncon2)cc1F)S(=O)(=O)c1ccc(Cl)cc1,98.33
CCC(CC)NC(=O)c1nnn(-c2ccccc2)c1NS(=O)(=O)c1ccc(C)cc1,99.28
COc1ccc(CNC(=O)Nc2ncc([N+](=O)[O-])s2)cc1,99.68
NC(=O)Nc1sc(-c2ccc(CN3CCCCC3)cc2)cc1C(N)=O,66.61
Cc1cc(C2(c3cccc(-c4cncnc4)c3)N=C(N)c3c(F)cccc32)cn(C)c1=O,81.01
CCN(CCO)C(=O)c1cc2cccnc2n1-c1cccc(C(F)(F)F)c1,90.72
CC1=C(/C=C/C(C)=C/C=C/C(C)=C/C(=O)Nc2ccc(O)cc2)C(C)(C)CCC1,99.81
COC(=O)[C@@H]1C2CCC(C[C@@H]1c1ccc(I)cc1)N2CCCF,79.92
O=C(NCc1ccccn1)c1cc(-c2ccccc2)nc2ccccc12,98.7
N#CC1=C2C(=NC1=O)c1cccc3c(N4CCSCC4)ccc2c13,98.61
O=[N+]([O-])c1c(Nc2ccc(-n3cncn3)cc2)ncnc1N1CCC(Sc2ccccn2)CC1,99.83
NS(=O)(=O)c1ccc(CCNc2ccc3nnc(-c4ccccc4)n3n2)cc1,96.79
COc1cc2ncc(C(N)=O)c(Nc3ccc(C)cc3F)c2cc1OC,98.81
COc1cc2ncc(C(N)=O)c(Nc3cc(F)ccc3F)c2cc1OC,94.56
COc1cc2c(Nc3ccc(F)c(Cl)c3)c(C(N)=O)cnc2cc1OCCN(C)CCO,67.12
COc1cc2ncc(C(N)=O)c(Nc3cccc(Cl)c3Cl)c2cc1NCCN(C)C,89.7
COc1cc2ncc(C(N)=O)c(Nc3ccc(F)cc3F)c2cc1NCCN(C)C,55.73
COc1cc2c(Nc3cccc(Cl)c3Cl)c(C(N)=O)cnc2cc1NCCN(C)C,94.56
COc1cc2ncc(C(N)=O)c(Nc3ccccc3C)c2cc1OC,99.19
CCOc1cc2ncc(C(N)=O)c(Nc3cccc(Cl)c3Cl)c2cc1NCCN(C)C,95.82
COc1cc2ncc(C(N)=O)c(Nc3cc(C)ccc3F)c2cc1OC,96.42
COc1cc2c(Nc3ccc(F)cc3F)c(C(N)=O)cnc2cc1NCCN(C)C,55.73
O=C(Cc1ccc(Cl)c(C(F)(F)F)c1)Nc1cccc2c(=O)n(CCO)ccc12,99.03
CNCc1ccc(-c2[nH]c3cc(F)cc4c3c2CCNC4=O)cc1,76.81
CCCSc1ccc2nc(NC(=O)OC)[nH]c2c1,95.43
O=C(O)c1ccc2[nH]c(C(F)(F)F)nc2c1,89.91
CCCNC(=O)CSc1ccc(S(=O)(=O)N2CCCC2)cn1,65.06
Cc1ccc2c(c1)c(Sc1ccc(S(C)(=O)=O)cc1)c(C)n2CC(=O)O,99.19
Cc1c(Sc2ccc(Cl)cc2)c2c(NS(C)(=O)=O)cccc2n1CC(=O)O,98.96
Cc1c(Sc2ccc(Cl)cc2)c2cc(S(C)(=O)=O)ccc2n1CC(=O)O,98.73
Cc1c(Sc2ccc(Cl)cc2)c2c(S(C)(=O)=O)cccc2n1CC(=O)O,96.5
Cc1ccc2c(c1)c(Sc1cccc(Cl)c1)c(C)n2CC(=O)O,99.64
Cc1nn(C)c(C)c1-c1ccc(-c2nc3ccncc3c(O)c2C#N)cc1,99.64
CC(O)(C(=O)Nc1cccc(S(=O)(=O)c2ccccc2)c1)C(F)(F)F,90.91
CC(C(=O)OC1CC[N+](C)(C)CC1)(c1ccccc1)N1CCCCC1,21.99
COc1cccc([C@H](O)C2CCN(CCc3ccc(F)cc3)CC2)c1OC,34.94
c1ccc2c(c1)CCC[C@H]2Nc1nc2ccccc2[nH]1,99.3
O=c1[nH]c2c(O)ccc([C@@H](O)CN[C@H]3CCC[C@@H]3OCc3ccccc3)c2s1,93.1
C[C@@](C(=O)O[C@H]1C[N+]2(CC(=O)Nc3ccccn3)CCC1CC2)(c1ccccc1)N1CCCCC1,88.35
Cc1cc(C)nc(SCC(N)=O)n1,21.21
Nc1[nH]ncc1-c1cc(Cl)ccc1Oc1cc(F)c(S(=O)(=O)Nc2cscn2)cc1Cl,99.76
Nc1n[nH]cc1-c1cc(C(F)(F)F)ccc1Oc1cc(F)c(S(=O)(=O)Nc2cscn2)cc1Cl,99.66
